lake,Temp,DO,Secchi,Chl,P,Conduct,Ice,Fetch,Distrub,Zoop,Bluefish_index,N,Turbidity,Macrophytes,Wetland,X,Y
1,30.4980695,80.57291207,11.04679429,52.31703095,51.65590775,20.74373502,40.29647048,60.0356874,14.87494148,144.063998,40.53093797,59.03981458,16.84331185,28.34629518,68.72066274,-91.19612632,48.50335492
2,32.72447678,83.14624959,12.08175962,51.77149528,51.19754207,22.47509834,42.24968643,62.17174156,17.47511424,146.2564327,52.73520884,51.60455209,11.77712117,41.79734924,84.45889298,-91.89423545,52.73793691
3,28.55014366,79.35184799,9.310007667,50.35572559,50.46379849,19.77008641,39.24050538,58.73918931,13.65224678,124.8685494,40.69292709,50.96503049,17.90688183,43.01497808,60.40401479,-81.16917111,54.74350354
4,30.15299748,80.96697439,9.328630241,49.05327395,49.98652927,19.27614121,41.11252471,59.99490922,15.18080596,143.7007693,47.09862435,40.78417156,15.56053356,45.99505781,59.59035945,-86.26240244,53.05984329
5,31.2687717,81.63072384,11.55121539,50.99799875,51.64956139,21.42872681,42.08969799,60.86150773,15.93288507,151.6173699,43.23844776,51.99671952,13.82471729,29.50863,82.80922933,-86.60315729,49.50540242
6,29.09805612,79.1620709,8.919696692,49.08809258,49.41740929,18.88129773,38.46983074,58.8608162,14.5787988,127.6975465,42.58722622,46.19843217,15.00955206,9.571420947,54.20381544,-92.51934559,49.03174073
7,31.31807456,80.9209471,10.76964573,50.49222975,49.82124239,21.70536535,40.33676825,61.89121319,16.90312087,134.6216915,43.46123421,50.92393591,12.35471222,39.04599984,76.70424255,-84.18591983,52.31793974
8,31.84085723,81.21964059,9.766031151,50.03179653,50.08069854,20.2942111,41.11736547,60.22374449,15.32973176,140.4502736,39.6923261,48.93139813,14.79021775,33.03629359,81.95249419,-93.50771738,49.43024243
9,28.85951672,79.06647881,8.681580959,48.13761339,48.7516129,19.03781186,39.14288167,58.16667939,13.1670595,125.1037801,34.34173177,47.17206669,14.9027039,34.91720336,47.71195614,-87.07030091,47.32670445
10,31.00784698,81.10076063,10.04663668,49.74419364,49.5520227,20.97204507,41.32213398,60.88178744,15.12236759,142.2499991,41.11597555,54.45219156,15.95103264,38.81538378,77.49694446,-93.61111875,49.48342917
11,28.44866429,79.11536694,8.787865522,50.03000601,49.79932026,18.41083571,38.57272604,59.22222971,14.20005861,133.2282376,35.31253179,49.86379031,13.7800145,31.15476247,64.92363477,-91.65542284,51.07512604
12,29.15281088,78.95486121,9.700134864,48.71665895,49.24133439,19.33558856,38.5209772,58.31881054,14.47544784,120.8283671,34.49538679,49.87617793,12.96330522,40.50850407,60.88530495,-89.00488697,51.50719594
13,29.01686245,79.15710889,8.525078653,49.07391253,47.99375791,18.7633094,38.97861511,59.09653695,13.87400859,131.5981286,35.47929879,45.83640637,13.97144876,41.96085638,65.45652853,-91.5560088,50.03435561
14,31.16008612,80.82849996,10.93338088,51.26785106,51.15987649,21.70677228,41.60170451,60.44380536,15.68189988,144.8047019,41.99349865,52.2983378,15.61344912,53.28515958,72.98477357,-84.93227562,47.28272537
15,31.0159323,80.94123379,10.51003258,51.10069189,51.01763136,21.6971272,40.31949045,60.84714019,15.7710139,138.2276348,39.15394705,54.695747,16.2296026,26.58522682,73.96074359,-88.04003194,49.44274499
16,29.93141717,80.04389198,10.60960947,50.90438138,49.75063721,21.10113844,41.24914908,60.72906949,15.71305326,119.3492358,36.52393514,50.05334395,12.88356718,65.47649739,52.67047495,-87.30701465,47.44156885
17,28.65930783,77.28470639,8.824381249,48.67545594,49.3261322,19.40661595,37.8965438,58.94363073,13.47490627,126.7741372,35.66616528,54.72023856,16.74996148,48.81326453,76.34431408,-82.36912404,46.59710461
18,29.24432233,79.0076239,9.923436357,48.99643239,48.3752348,19.85016524,38.49134688,59.35789375,14.3201113,126.7379209,37.05681902,50.81806123,15.41859755,32.32924582,61.69389434,-86.14028045,49.67849184
19,28.81127913,77.84748386,7.92986146,48.92512165,49.34399417,19.14791335,38.7990251,58.29347243,13.08894863,128.5684485,36.81159014,50.25268507,14.89024628,31.5797375,65.71845703,-92.97230318,52.34478871
20,30.05549875,79.1081557,9.882638658,49.36409792,50.33972459,20.32126439,40.33434973,59.75486373,14.92641925,149.1440997,40.27194862,51.01781313,13.28894204,41.22670746,65.52056508,-81.76255225,52.72952985
21,31.65032399,80.94780664,10.78902105,50.19380598,50.23499296,21.09710948,40.42352089,59.60509651,15.51000944,151.4003211,40.96522955,42.86099428,15.25883545,54.38972506,88.68668051,-89.73480121,53.72620142
22,28.50220937,79.18675065,9.908898698,49.01405203,49.4118265,18.16697869,37.83972645,58.65989254,14.28548012,121.4947497,31.38166515,53.56975672,16.10731101,33.75396464,55.6623432,-91.86440377,48.94909263
23,28.8963755,79.72788569,9.884835529,49.93194304,50.50742359,20.03058228,40.47642595,59.43081645,14.55032017,129.902083,39.67178933,52.97215786,13.52309407,32.86099179,84.75758642,-87.69251639,50.71639126
24,28.92962822,79.06527365,8.689755242,49.18299065,48.21890758,18.99674052,37.64398509,58.44372488,14.08106163,131.4019832,36.82109997,50.09507933,16.68161725,25.37776983,53.16672657,-86.34618193,51.6995032
25,30.85874863,80.30051465,9.826656869,51.178263,51.29451389,20.23796733,40.73503667,61.73006849,16.59163181,141.0206624,38.43080225,50.64869128,14.9732607,41.99565157,75.38994666,-87.97384741,47.25079996
26,29.69581656,79.39386789,9.837870005,49.70671858,48.76027745,19.83815176,39.08410374,59.11590635,13.79121288,131.5721038,37.27784898,49.82055365,17.44000452,45.01982694,60.61231247,-82.93883184,54.24994553
27,29.20859143,79.69574221,10.71710938,50.86170023,50.32410658,19.57736513,39.8928368,60.36295328,14.79848348,137.1872857,39.9341447,48.66782129,12.70502776,43.82248765,51.93842144,-87.4636448,51.1826038
28,31.00922478,81.00300492,11.78667135,51.61633011,50.8181018,21.2634418,41.31421804,62.47693581,16.49971139,150.8952321,45.60778489,46.71569356,13.54332022,28.36362321,54.20972423,-82.14225441,52.95245336
29,30.9570573,80.48455531,10.92335187,50.49867231,50.79488271,20.04136445,41.47479003,61.21196601,16.55377291,146.3834916,43.64123036,47.81934852,13.09934613,25.38936276,78.83803187,-92.77281493,50.70705831
30,30.91892272,80.66925892,8.940543993,48.77955213,48.51612429,20.28803595,40.81743058,60.28239188,15.72953728,142.8528081,39.72338632,47.46799718,16.41863003,51.52813447,76.07376733,-81.168495,44.74853853
31,29.75522089,79.05513648,9.035339446,49.07024388,48.87862643,19.88813941,39.3441508,59.16672145,13.75222996,129.1149319,35.17499728,44.74267546,14.996858,11.62310758,61.24781095,-89.04804255,47.94519482
32,28.82666956,78.46890401,8.13249978,50.11426231,50.5628486,18.3580962,38.26057836,58.32724049,13.1584339,127.1975204,34.30654468,48.53925748,16.41513448,28.12253193,57.22141008,-88.06772433,47.52065602
33,29.00571218,79.25308516,8.352388477,49.80364569,50.0491053,19.61419077,40.00292411,59.39808929,14.17381713,129.0411179,34.35017039,55.3629303,17.74213615,28.7789152,66.85584374,-87.58861627,48.29221503
34,28.28607325,78.84209889,8.200213614,49.34635594,48.87893119,18.14913886,38.73856847,59.06319856,13.55269826,130.8868641,40.26584784,47.95225834,15.85690247,34.40191427,63.92524978,-84.8517112,46.76186648
35,30.52635901,81.40582526,11.39647872,50.29151693,49.96592166,20.24579976,41.06196729,60.91994553,16.52658001,136.8011295,36.42252408,54.98055524,13.62784263,26.28356309,60.04917776,-90.78546551,50.5436024
36,31.49814615,80.72159434,11.57830544,51.9332259,52.07320745,21.00873917,40.42546116,59.97020923,15.81781526,143.0262962,45.86739931,53.84919045,14.44340326,45.24062947,60.70420623,-87.78270277,51.07304551
37,30.50888244,80.49302642,10.86413347,49.31128205,48.86040282,20.09633132,38.99021874,60.10407685,15.20194687,149.0607164,44.67812842,50.33076677,14.65895659,23.1040741,71.93861475,-81.72497419,45.73436546
38,30.66922163,80.93862736,10.27772043,50.2364673,50.26627361,20.71009687,40.72331224,60.43798576,16.01751048,139.6647768,40.33778702,47.34651373,11.58125032,48.338346,65.47277616,-92.08862076,50.1301366
39,28.77328558,78.54986777,8.1522408,50.10523478,49.78106526,18.910257,39.99750396,59.3951896,14.00413264,126.8541263,46.49463395,48.13074489,18.28799481,43.35280944,74.82967041,-93.02520661,48.52160246
40,30.3188355,80.60744505,10.95480461,50.46842621,49.375253,19.91870607,39.57662055,60.68494541,15.19755666,148.3441276,46.93670582,55.24424288,11.74269952,45.46796324,72.18885003,-89.83642102,49.63654412
41,29.29495987,79.13131396,10.08649811,50.43585804,50.31574513,20.28964804,40.03214659,59.17877644,14.83103112,126.1735026,39.40744181,46.92241836,14.79955028,54.76522678,65.38107377,-81.58252617,47.75629496
42,30.19044785,80.86557583,9.839977809,50.63377451,51.30828738,19.78748301,41.51877519,61.20181216,15.92027226,141.4956014,40.68285868,53.97985261,16.90836474,52.05320331,71.26706191,-94.10918193,49.97420678
43,30.52640783,80.09134004,10.38083614,49.9382895,50.13365811,20.32217399,40.22292397,59.743907,15.92589525,144.7420395,43.07864268,50.21549263,14.53895888,14.44247713,85.30964801,-87.37344057,53.58735531
44,29.09398622,79.87649648,9.927871666,49.67431123,49.44640767,19.04630016,38.72969452,59.61929821,14.45136247,123.4250591,36.97566852,52.50832379,13.88174023,43.88050183,50.31809447,-86.20916351,51.28748454
45,29.56315993,78.66800788,9.211443862,49.81400783,49.63074635,19.28499689,39.37256519,59.09105805,14.14935462,132.3660473,33.95444193,51.50809934,15.1003567,25.73659364,49.92435693,-82.22258557,53.81878334
46,30.39762666,80.75770559,10.02338122,50.17822058,50.95349528,19.55166568,41.70819904,60.23675493,15.64701678,150.0568585,43.11554424,51.77953399,14.6927074,42.72813646,78.64220209,-87.2097926,52.6898102
47,29.80654984,79.93187295,10.43777834,49.33370474,48.94205117,20.16082731,40.18745787,60.19812861,14.72045429,127.8960844,37.27731061,50.24697311,14.58516566,34.43775791,52.64953905,-92.1228974,52.60795801
48,31.32848135,81.13534206,10.96815846,50.96394309,49.76245095,20.22816779,40.48935943,60.66970248,15.98539531,143.4139655,38.00092437,50.42198276,12.75566207,52.02717655,65.37291872,-90.93745753,48.6407387
49,29.56441754,79.74740353,10.61292463,49.4714722,49.96086492,18.54057422,39.60598015,60.20869955,14.00399447,123.6582134,36.93799608,51.27599487,12.033139,40.26779818,62.74563912,-89.34861402,53.98190042
50,30.06701515,79.9796958,9.991016841,50.60383918,49.31111326,20.12219956,39.16158785,60.16795627,14.63957343,135.8375482,39.75050237,45.24666323,14.26423577,55.71979252,80.16812408,-82.96083654,49.46378815
51,30.5410832,80.3897175,10.31662971,49.90285208,50.0635103,21.50717912,40.98378678,61.02642692,16.11982202,140.1894137,43.85262481,54.11900955,15.3263392,31.46075917,59.81274128,-84.21213087,47.34918936
52,30.26049351,80.91360833,11.3256914,51.13658936,51.27613284,19.98683545,40.93944605,61.39357284,16.68189206,144.02684,41.10126589,46.98875215,14.33674188,27.88005288,72.65743477,-90.31102023,51.18184086
53,28.63486506,78.90916074,8.846587404,48.75280894,49.07627837,19.56614779,39.11672775,58.89948884,13.76619645,127.5163884,37.4808756,49.18356466,15.75503543,28.2492578,62.59118441,-85.21203508,46.88603854
54,30.44657342,79.35208091,9.929589412,51.22424461,51.46895275,21.35948405,41.01193206,60.49330047,15.6625551,135.2489378,39.5137566,56.31875638,14.91109052,53.33967816,79.11899734,-87.7500356,49.27065171
55,28.75134174,79.74973886,10.14587096,50.72036446,51.28324275,19.35915898,39.6376475,59.11772688,14.4875117,118.368053,31.67897238,51.6715686,13.05667103,31.5720691,69.24987831,-94.10772117,50.35011013
56,27.01174294,76.84417997,7.71499952,49.09224475,50.27891593,17.79109401,38.74047432,58.55046434,13.50666899,128.3817251,2.48068164,57.2445137,17.097423,47.05667676,53.45940985,-82.89066832,49.9509743
57,30.15029235,80.25410832,9.973803002,50.4464331,49.7590442,19.61683012,39.86156764,60.18299794,14.44287235,145.268786,43.57776852,50.37850695,13.27477162,35.7818924,73.74731191,-85.73826089,50.68163623
58,29.70961259,79.18664294,9.517576542,49.70028916,49.94598091,20.965899,38.96800604,59.7155023,14.42216366,127.0913338,42.44276813,43.04040196,13.31390753,48.95648312,58.37301509,-84.34714295,48.41257558
59,30.18836613,79.41220709,9.063382806,49.75978505,49.84937714,19.65323447,39.65330812,59.67857748,14.68757097,139.0330819,40.77142246,55.06193454,16.66610276,57.4397089,81.61088394,-86.37213952,52.58459714
60,29.6478795,79.17564435,8.968001467,47.52836914,47.37691491,19.82725496,39.1136583,60.21074655,14.5701627,131.0706212,35.57298101,45.07203926,16.13210045,31.6283815,75.46823433,-83.31217268,46.31814146
61,29.39584903,80.14301724,10.20647731,49.37596728,49.41872823,20.13170086,39.82875475,60.11589855,14.52026724,130.226164,34.04945587,50.47750049,14.27154244,43.58244594,69.47041191,-84.55689245,49.50790849
62,30.54756563,80.21776972,9.45271925,49.06761734,48.95655959,20.73595937,40.23864089,59.77761492,14.5190373,145.9234333,41.07506313,48.12838202,16.31647613,51.23095749,61.98607273,-89.3008559,47.41331217
63,30.14448186,79.56884845,9.298558408,49.46009514,49.83504554,19.977531,39.82134842,59.71589333,14.92627093,130.4537468,44.25041085,41.2044988,13.30643972,45.72336678,63.64722868,-90.54910409,48.66957501
64,29.2080481,78.61975637,9.511883464,50.04407101,49.6501046,20.35746152,39.99053283,59.52003663,14.66643764,129.4075424,39.625203,47.01845476,16.03975158,38.02458881,66.40487127,-89.06509446,54.02955113
65,30.70817625,80.10027834,9.625326476,50.68659323,50.62123386,21.13449509,41.020437,62.42151061,16.52959068,135.0497039,40.68341974,48.47333277,14.56090006,30.58268627,53.84278012,-84.0084771,49.8642032
66,27.86839299,77.82140523,8.277060694,49.31685885,50.01422391,18.56223651,38.92711736,58.88209948,13.84024212,135.3181115,36.8046259,47.02036997,15.39321196,45.20266027,47.99942595,-91.95773995,49.33878529
67,28.66866131,79.2120869,8.718031841,49.01052768,48.13650735,18.97654442,38.97971772,58.82845677,14.08147879,126.3165476,34.69393521,49.66273716,15.74473723,27.08611222,62.28439717,-88.21157765,53.07906764
68,30.85205491,80.73649353,11.74508225,51.19614463,51.76787252,21.46115051,40.48228072,59.87739235,15.43581351,139.5811027,36.30866724,46.98058591,13.49872551,43.71053268,59.08525655,-86.09947324,49.69761371
69,30.9499769,81.22115889,10.91973378,50.1374663,50.67876561,21.60284747,41.46082507,60.74081058,16.28028286,145.481425,42.55276747,56.73385748,14.82306428,35.97526457,62.85140334,-89.3531322,50.1301879
70,28.53138355,78.910104,7.569048088,47.20022573,47.72410698,17.99046071,38.99272336,59.13115124,13.39017483,129.4754702,34.16321585,51.93744024,14.05362949,36.98725515,62.70458183,-88.1168201,51.24618091
71,29.06323839,78.44581166,8.874039238,50.14427533,50.59534145,19.59773382,39.45498359,60.10460723,14.61525087,130.4368107,33.23997825,49.46033807,13.97404885,40.13316563,73.48830925,-81.76928331,52.8277673
72,30.7670639,79.39238831,10.20660651,50.44446678,50.37473091,20.08981492,39.45422499,60.6558857,15.5591256,153.1217047,42.69158247,50.90351655,13.50342832,29.431697,83.4508343,-81.21515306,46.48004773
73,29.93745007,80.47879683,11.12935348,49.7322816,49.17047584,20.01045555,40.7373445,61.2762304,16.1845802,127.4135427,45.55402808,47.02151243,16.76325501,55.12359381,69.50177083,-82.30713689,49.82367398
74,28.79289476,79.19353312,8.900677218,48.76452003,48.25571706,19.75167057,39.79299958,59.5713277,14.22926681,130.6305949,42.62086261,45.88909751,15.75015733,40.53863022,48.36082561,-92.0303924,48.21669232
75,30.64839576,80.59884639,10.83015963,51.09065885,51.00881572,20.79493505,40.96724534,60.7400035,14.59355069,141.7209921,38.96875264,51.26336131,13.32755736,45.8641736,57.84942553,-91.70238798,52.40516077
76,29.97517262,80.05611245,9.067091189,50.37180981,49.12535098,20.43811237,39.32733063,60.13867066,14.77020321,126.2391941,30.20926525,47.1895786,16.82439283,51.13998538,64.45599343,-89.12976172,49.8106844
77,29.71106386,80.02747564,9.932519565,49.68945451,49.46340762,20.6349192,40.53010382,60.10376773,14.65195688,120.8705982,34.04439088,51.30117671,15.06615959,48.21561434,75.57706934,-89.46761997,47.04723762
78,29.65767474,80.52127972,10.68857897,50.48418977,49.18205332,21.41678985,40.2257693,60.82999158,14.90044843,132.5692647,29.70626672,55.37089711,15.38852872,21.69836831,67.26627128,-85.88429553,47.58761372
79,29.00345274,78.19780879,8.983599413,48.80095739,49.80765008,19.75565925,39.38624873,58.56055162,13.67733911,132.4584907,40.58115595,41.35190847,15.37718109,28.47094948,67.44853188,-85.50064199,49.61041129
80,31.71178572,81.79184638,11.0230025,52.11921539,52.1282129,21.83968196,42.48979419,62.08530303,16.75829147,138.282828,38.14579485,46.54258293,15.87122074,31.91510173,92.71011895,-90.82250753,53.14214243
81,29.61244445,80.71802068,9.291066025,49.63550695,49.35230535,21.13077232,41.17579257,59.3894472,14.7951853,135.1922125,42.19813663,53.89123001,14.90393816,45.05365393,67.21035627,-87.15538398,47.75027631
82,28.44208608,78.39800301,10.40876674,49.28230312,49.41278447,18.94702239,38.9081402,59.73692485,14.55008598,133.1077849,38.42513042,48.4405062,11.59198362,26.18376943,61.59472675,-86.27314683,48.99742452
83,29.63142861,80.69267901,10.03814364,50.4749485,50.55348628,20.0743038,40.90135871,59.84670368,15.04730625,135.0168598,37.13440023,54.25170366,16.60067776,43.61972147,70.83961006,-80.93689535,45.10180522
84,29.91838638,79.70915566,10.22706494,49.18871979,49.13508082,20.91393281,40.40889467,60.37248728,14.92239325,131.4875167,36.40476601,48.02795495,13.9975509,59.83477522,67.15906184,-83.99419633,51.48639733
85,32.02403896,81.4273698,10.93379949,49.93289021,49.47514153,22.24021443,41.79675092,61.0596409,15.94075184,150.6609746,49.75892321,45.8867163,15.68994547,44.29083113,74.78392143,-85.06150476,47.01827042
86,31.9310495,81.59837749,11.53488666,50.56036925,50.53854795,22.39986436,41.79758818,61.22031426,16.37503514,136.5152669,38.29322936,46.28614066,13.85631043,31.88859923,65.55876474,-84.59173559,53.3321949
87,29.65208459,79.09275876,9.937855737,49.85801554,49.95998037,20.19195983,39.82735346,59.05662994,13.88803709,138.5909848,39.78495513,45.41697583,13.32171593,35.65272146,57.48774688,-84.74349667,48.23432542
88,29.45028821,78.12368039,8.597140026,49.2138083,49.24111471,18.84769366,38.38297471,58.46388202,13.37107903,127.6371206,38.26736005,44.72414677,17.72109412,29.20653519,55.32536225,-82.34214001,49.09849954
89,28.30871727,79.02234255,8.331515202,49.67000597,48.52257644,20.58995353,39.82479519,60.20979787,13.72472901,116.6389632,29.45313168,48.58004056,15.93107273,43.33608914,61.14882446,-88.80951121,48.42861885
90,30.02172293,79.85014332,9.113995977,48.44445893,49.18255884,20.02972285,40.2501702,59.58633226,15.11336712,133.0051305,36.75149811,54.79619219,18.41020695,36.30993933,48.04896795,-91.78146745,50.7001329
91,29.27718656,78.81887348,9.075481122,48.81978735,49.29164435,19.02616186,38.99378916,58.21195715,13.37690181,121.0003161,34.85262139,53.52301736,12.33177024,27.00393655,67.20931683,-80.92505556,55.1266173
92,29.40659816,80.13734221,10.28714118,49.97697004,50.31244046,19.90811725,39.78670806,59.84157644,15.2252652,134.7381325,44.31508304,55.46774376,16.17113574,18.69372662,79.60568714,-86.76610846,46.51094194
93,30.90723953,80.37180254,11.01709798,51.85049932,50.69826449,21.16707971,40.57228172,61.0511681,15.69373107,149.5545085,39.58135865,48.72833167,13.60176108,50.48169042,80.16149962,-80.98826956,53.91419723
94,29.69538839,79.90750878,8.341609295,49.05081014,48.15323265,19.16358848,39.06261359,59.38565373,15.1551373,129.8404493,33.12198427,42.36173031,14.53271581,30.53133152,70.01537386,-90.15738565,50.12448496
95,31.90531962,80.89351302,11.52198394,52.00750595,52.17153525,21.03740351,41.48163696,61.73562079,16.72677814,144.8940729,47.6747278,55.93700924,15.69044111,35.39102692,71.892253,-88.30587435,48.26695893
96,29.22424983,80.15827069,10.40576955,50.50444795,50.14320113,21.04009612,40.25718767,60.23811432,15.21109977,123.1861291,35.82200847,55.89704523,14.33030955,30.88012621,83.78655034,-87.07118493,46.93763906
97,28.24392507,78.04229233,9.15621133,48.55031299,49.2376634,18.95605074,39.37808105,59.52377966,14.06859688,120.0188251,37.16784269,52.24622204,16.85046026,50.23406703,55.34980854,-92.69983764,51.44473265
98,29.37429372,79.65731411,10.18953617,50.98988898,50.50071978,19.96365883,39.26707069,59.9594421,15.36212655,133.6523102,40.55503761,50.53925492,15.04591818,55.95608427,66.94499015,-85.99993899,53.50367848
99,28.42516138,79.59158363,10.14837506,51.11395855,51.24285281,19.10502328,39.56668814,59.79875417,15.06933398,133.9448612,39.89001528,51.88714773,15.19579812,29.63017053,64.50708819,-82.26000172,52.43062681
100,29.45233891,80.4259437,10.52036246,51.11793693,51.57091195,21.01896745,40.81302332,60.671873,15.45210757,129.4864985,37.33258924,49.15835162,16.27670896,41.90049945,58.6804447,-85.20665358,52.73597332
101,31.60368151,82.46391394,11.43222769,51.01763274,50.77207919,20.40936488,40.50762938,60.95643019,16.20804025,153.6938991,39.16422376,49.19962098,12.9693612,28.14064496,76.72581451,-89.23320987,49.35083456
102,29.30807165,79.6675282,8.900967444,50.29786622,50.00005427,18.81842497,39.09842589,59.1266095,14.23094381,121.6172549,32.48858781,56.825645,17.21061454,35.83056477,44.94430135,-84.71681425,47.34267707
103,31.05076293,81.87214355,11.56713741,50.29439386,50.08752134,20.53128212,41.40479857,60.9105959,15.26285713,144.648999,43.03568245,51.49024048,10.82244365,36.40222197,77.77081003,-86.79689521,51.85820763
104,26.76961559,77.95884652,7.824357315,46.96658983,48.50533616,16.88256366,37.68614998,57.44069786,12.24202055,121.2715752,30.1167305,45.28229013,19.08875578,20.67365472,44.24714425,-93.12976793,51.90544039
105,28.82212418,79.4067008,10.6057197,50.50557766,50.44657288,20.0345389,39.48898181,59.70618115,14.6110421,130.2257266,40.45405948,54.00951034,11.56721952,31.88118316,63.07107637,-85.93267421,47.45973582
106,29.90156065,80.92083976,10.12050293,50.84332429,51.2339937,20.58469308,41.38340077,62.14427627,16.51992038,135.3314206,37.6819707,51.34240223,15.52198561,46.43608842,60.76065048,-89.38268493,52.85204054
107,29.03655557,78.81668111,9.504150945,49.92486553,50.96975302,19.1351343,40.78489537,60.06999299,14.40951472,136.4923965,39.90959516,51.89829539,16.76625415,33.43242873,77.30337835,-93.50853685,51.95889966
108,30.47946194,80.42705451,10.4829219,51.07130637,50.76548021,21.09436832,41.17924106,62.25256648,16.73020452,125.7330343,39.90803628,56.37691929,12.35806401,32.59333427,73.97796267,-85.36350226,50.49445839
109,30.31571826,80.50512345,10.34925643,50.59431568,49.11589354,20.75883082,39.44140971,59.2020312,14.97632685,144.128652,41.80526486,55.54913309,16.05000934,25.05923819,58.90768389,-82.91004237,49.68338189
110,29.91219988,79.35108742,10.26634197,50.13540944,49.89220979,20.03311582,39.03347268,59.98024433,14.706909,137.0905231,40.03978821,45.16852341,14.15206915,27.30638147,63.25432618,-89.15402468,52.0823672
111,29.42143693,79.50163616,8.805911913,47.96034821,47.83356226,18.84492071,39.36145892,59.57689059,14.4025815,125.4940765,40.01680004,44.30878034,15.14245601,48.45013361,63.57971325,-85.31857014,48.23503031
112,30.16487542,79.63871841,11.6134163,51.45886176,51.27396904,21.79627839,40.78972808,60.53929621,14.46933908,133.4936769,44.04513995,45.68623624,12.8742602,41.27562984,68.28869577,-84.41738307,47.79545447
113,31.79185424,81.95637272,10.91148748,50.1563611,50.19489288,20.85489855,40.27027849,60.22410754,16.09145604,137.133555,37.38316375,42.51222568,14.23547478,32.92338566,75.60472719,-84.47315553,49.62621879
114,32.08395646,82.36357128,11.71150678,51.93887701,51.76100896,21.9570989,42.25385319,61.90626632,17.39028102,155.4708058,58.62008572,53.63367496,14.3448715,37.6219477,79.72607913,-81.49965025,53.03833865
115,28.49809576,78.57621268,9.696375717,47.83350731,48.48126343,18.10166396,38.02627938,58.51468929,13.21484476,128.2499617,36.0962634,44.7527735,15.86840393,46.28478031,58.97876201,-94.26651904,49.62491356
116,29.01363489,79.22651102,10.02251402,50.42061478,50.46587794,19.37405917,39.038799,59.90134393,14.50478498,133.3241642,36.66285119,49.00198823,16.45699856,29.70534294,66.10688008,-85.45433719,50.15933615
117,30.17163961,79.0605549,8.78996986,48.27445204,48.40708421,20.427708,39.55828097,60.46753584,14.97526049,140.0606312,35.573093,50.92672978,18.44077767,38.87059615,74.82962117,-84.82051709,50.93381969
118,30.54916607,80.91086114,10.86943879,50.47759243,50.78580418,21.83273401,42.28318763,61.4718764,15.57767373,141.9793132,45.71829134,51.25151208,11.68176525,23.90125992,68.94614672,-89.97840834,46.87124389
119,31.19910393,81.76274047,10.79273419,51.25541437,52.22616805,21.61433332,42.60379291,61.77277057,17.90099243,135.2234891,38.15025857,43.919496,17.05489243,49.51618144,58.34932627,-85.29060336,46.75602719
120,31.81924808,81.49083236,11.19807915,51.28606048,52.47704069,21.65599934,42.54819533,62.03201252,17.84645471,147.6336773,37.83578466,49.6630018,11.82522543,9.425157701,69.8952722,-82.56694612,46.41864806
121,29.02444944,79.77237569,9.743119227,51.01944817,51.66949362,19.48923591,40.23268314,60.04196576,15.14517468,129.7313141,43.47070905,58.31152988,17.82166664,33.33630413,66.66468935,-93.5963769,49.96495011
122,29.83393835,80.63481492,11.47310641,52.68673502,52.92454923,22.12423488,41.60566157,62.04844218,16.73849084,135.1618306,39.5878927,51.80343166,11.08821365,47.93951714,67.51101497,-90.52087432,48.26128171
123,30.42139935,79.25852971,9.035618118,49.93001804,50.12053237,20.00561621,40.51361711,59.6042285,14.85703127,132.7120858,35.85681168,52.72702484,15.4496514,28.74169565,62.34461728,-82.42889947,53.80687632
124,28.9647386,78.79948007,9.790234216,50.74107284,50.06893538,19.264734,39.6287876,59.01023948,14.97120693,128.7506668,33.98003,48.14533668,11.95155257,41.07350524,74.68383157,-84.66715559,50.9640925
125,30.27369276,81.52214181,11.35644288,52.23123404,52.57326982,20.57494094,40.9026681,60.5884711,15.5456366,141.811108,44.01763307,56.50617029,12.35571222,52.76343825,83.09063145,-89.39241271,50.42916985
126,30.32989945,81.09329887,10.76911,49.96355722,49.51223516,20.18616633,40.22288564,60.40313373,15.45645822,143.5485702,44.73654456,45.68355933,15.83157931,36.82359183,60.00948069,-90.45366031,52.9990013
127,30.24229272,80.33667635,9.487782993,48.8072439,48.58598566,19.42037697,39.4756969,59.91623484,14.38825948,131.7959965,39.67866428,44.93264614,17.99436251,33.46057167,60.89067546,-93.26626883,50.09257897
128,28.73068002,78.30476106,8.84686913,48.20859632,48.7919035,17.6480626,37.33619294,57.47633484,13.02302119,130.0102296,38.56037008,52.92858768,15.15763653,41.99318664,59.77928607,-83.21785129,52.21205718
129,29.16601648,79.11665046,9.566929674,50.11630861,50.36168265,20.03113428,39.84351359,59.51634185,15.73800543,130.8466497,38.83047209,47.94001871,15.67448761,44.29336495,68.33953268,-82.10424608,54.09382698
130,29.4022909,79.81247473,10.06744738,49.76568343,49.56905655,20.07971203,40.31117943,59.57431016,14.36857415,123.022127,33.84841996,48.48192142,16.33104697,51.81068823,57.74908738,-82.05739339,46.58225578
131,27.15939853,77.17493645,8.27989034,49.04017702,48.93507047,17.3135337,37.32566584,58.05940844,11.9860773,134.2101601,44.66695226,48.48895155,16.94613,26.80755438,70.97608935,-84.01205968,51.89995674
132,29.47256078,79.00817551,9.57597006,49.28185324,49.67594768,20.55870683,39.4078421,59.08289248,14.56933518,132.9912037,39.70504847,51.67136837,16.82049114,48.09237063,76.21259644,-87.98734426,52.32843461
133,31.28582728,80.33935885,11.23486626,50.18078714,51.78557773,20.28337848,41.27207798,61.10039548,16.04113797,141.1446763,36.79165963,42.8568253,13.88212312,33.42879512,71.22735532,-82.29314841,54.13212237
134,28.85860057,80.17953021,10.56438445,49.53384464,50.07208837,19.83359713,39.70895307,59.22567036,14.92265726,135.9817837,39.01297791,48.34125537,12.93020796,48.6573188,80.57723886,-82.2725301,50.71668758
135,29.59875072,80.53148128,11.34545438,51.33702787,51.55681745,20.85338826,40.86557174,61.02171862,15.97547951,131.6814483,38.59788845,57.23419787,17.57191548,22.54201822,68.22516165,-86.71955325,46.92240539
136,31.55409835,80.68090476,10.4627663,49.5950643,50.28902409,20.18202142,40.27727385,59.98223898,15.4265935,145.9873652,41.98557106,51.53195049,15.69410185,46.38589876,78.61130454,-81.1358429,47.3997774
137,29.37963818,80.12832413,10.02582931,50.30855036,50.01732226,20.02749768,40.17550222,60.23740477,14.58175507,126.6904701,35.87093126,51.16658872,16.11936901,54.7468179,54.67437125,-89.81664978,46.98390994
138,29.77400895,80.68140221,10.87502641,51.0526656,51.93595422,19.99412394,40.06240968,60.16077142,15.08983882,128.3062172,39.02804114,43.62439995,13.16160933,35.2754917,57.18757317,-90.24077772,47.18511372
139,29.7943838,79.53333921,10.31511244,50.69075231,50.4819131,19.8878449,39.95892378,61.24201302,15.26205756,136.9862603,39.33016518,49.99867304,14.83071376,52.10964299,69.74771614,-92.60111456,48.40496845
140,29.3863072,79.20641705,9.974602192,49.22101254,49.07642448,20.70223414,39.82761548,59.35450308,14.38508847,129.3845853,35.60541563,51.13776422,15.18113217,35.81227592,60.64748613,-84.02529393,48.25418847
141,31.13706194,81.7352819,12.18322694,51.50425321,52.01321983,20.54874415,40.92006836,61.45136904,17.43041785,151.9156321,42.34782765,48.87895116,15.39567432,32.6788293,70.3398294,-82.81524871,49.87013613
142,31.01784988,80.32112312,10.48587177,51.41034385,51.34052087,20.81164089,40.25933967,61.33003754,16.46553298,155.1398303,48.48700153,53.84717621,14.89209151,44.89822817,78.68395423,-82.65157346,51.59699246
143,30.2931622,80.98102354,10.84514164,48.60480245,48.22365458,20.63145599,40.58499189,60.85545217,15.11312965,143.881711,39.62198349,45.47426399,12.14553723,23.30121032,83.77553278,-82.09288554,50.79266278
144,28.63613164,78.16766511,9.134661496,49.69546322,50.51515784,19.22280682,39.34366803,59.88636618,14.24036383,122.1868321,39.77150748,49.28829348,16.01927815,40.73453052,66.73183293,-94.53185071,50.35080939
145,27.32318771,78.15772286,8.934273487,48.88536029,49.77676683,18.10814499,38.65352713,57.42231265,12.60816727,122.0010401,34.88633006,37.67519904,15.8002543,30.70927219,60.1463558,-81.13398168,54.60424091
146,30.39270791,81.0742653,9.223694924,50.49037029,49.46266168,19.11004735,38.90887083,59.16681718,14.52192924,140.0610974,41.28640526,44.47397413,17.58277424,35.8092004,85.33990034,-85.86646702,51.30424984
147,28.63164936,78.96857252,8.86194506,49.19270996,50.10076601,18.84837049,39.69088409,58.93943299,14.14853433,130.5823016,38.79425209,46.11258688,16.74795312,25.2076897,70.67743567,-89.61334058,52.52999939
148,30.76424087,81.43228508,10.77744245,50.95305009,50.66457478,20.80983804,40.67514494,61.20237461,15.44325342,137.9858887,39.39083238,47.16859993,15.76505569,30.03297764,71.13830478,-91.1602108,51.18228719
149,28.63468358,78.41687443,8.813549951,48.55098833,49.46444552,18.43033565,38.5767816,58.07187651,13.78491515,115.5344843,34.8293103,44.11371056,14.36688379,39.27150988,58.8586028,-83.4150119,51.50241934
150,29.00432065,79.36667361,8.870092343,49.83132777,50.17403172,18.57281761,39.08195114,59.31814701,14.4994072,126.5562635,42.42115046,47.65398508,15.36260315,33.76316169,64.26824823,-88.45609026,50.1575098
151,30.49793442,79.71067654,9.07594858,48.84909986,49.24584162,19.83018316,39.98748178,60.31481161,14.89590661,130.9757474,41.73993142,44.00906852,16.12851611,33.37628645,59.55612789,-91.98477048,49.62387755
152,27.67604566,78.70478031,8.940166735,48.72456477,48.30756009,18.21123152,38.47712747,58.359288,13.61261109,120.7194876,38.04343395,51.50047283,15.2173322,36.72952473,58.69175049,-84.2626941,53.11710947
153,30.44185519,80.11019156,10.31748959,49.42160215,49.79093817,20.12195009,38.85968633,59.36577756,14.82086619,148.8182048,41.76424223,49.29149299,13.74270125,30.63353341,86.26119006,-87.76319503,50.63394963
154,31.0891766,81.16240357,9.42812073,49.75545463,48.74736065,19.18371931,39.21595498,60.01505698,14.6042911,137.7851763,44.83518812,45.9734728,15.97467866,44.2632628,75.83992203,-92.53126975,49.126905
155,30.97968555,80.51960273,10.19128223,51.33921652,50.22717648,21.27223464,40.64890471,60.92114662,15.26841477,143.4952425,39.56122904,50.93168272,12.03991718,36.65470169,84.43966663,-88.98041867,51.09222869
156,29.95373813,80.28012518,10.54175916,49.99276683,51.22825915,20.21389541,41.38945547,61.49691308,16.14398944,126.1380145,37.42545202,56.35282982,15.63642758,31.17880719,51.57483293,-87.57933021,46.84063387
157,29.41589367,79.77561418,10.29896848,50.12350856,49.24222504,19.17600355,40.00346797,60.17664829,14.86074143,123.0363027,42.18667677,42.89475641,14.37143382,37.53330777,67.18737561,-88.06302098,51.89426125
158,31.43035136,81.37895194,11.47260497,51.20748798,51.23033154,20.70347885,40.52401449,60.64214654,16.22660616,141.5403218,36.64020872,47.35949469,15.29579656,48.72741613,62.33052725,-83.86721606,49.98166269
159,32.23030917,81.85366825,12.67456932,50.90456183,50.98961261,22.58761,42.51351073,63.76478156,17.44621468,142.819338,55.1769634,53.6344466,13.42954539,28.40792139,64.14058725,-81.8661607,50.869852
160,31.10734825,81.57133236,11.44516502,51.71161869,50.45744308,22.12138665,42.13377648,61.70542252,16.3719082,149.9041226,42.50672784,56.01945068,13.15802644,39.27828467,70.19264986,-85.81995207,47.81170803
161,29.99199593,80.25091204,10.06247353,49.08298969,49.54752494,18.7076722,39.75173091,59.25896491,14.55475275,130.1240465,40.40738169,48.29649083,13.57675864,42.5080119,68.56959594,-93.29194162,50.43428013
162,30.42747154,81.5113318,10.05328412,49.86613015,51.01498683,19.79278144,40.36614859,60.01966352,15.17472333,138.3874327,36.54934103,48.73721862,11.77134741,30.2874847,71.79146224,-84.79755257,52.95948166
163,29.40366111,78.52829089,9.628155356,49.40891106,49.01186854,19.91021187,37.87089291,59.35117436,14.17387445,124.718109,45.05603652,51.23242966,17.18682524,25.48447604,65.00116486,-88.78641112,52.53246065
164,30.31658965,80.34886905,9.758533246,49.24244586,49.42220609,18.71626332,39.23789179,58.96876682,14.04788567,138.9461691,42.62647531,52.28797218,16.46715979,35.04681883,57.03261753,-82.98428436,52.63429076
165,30.05739313,79.37436553,10.11717781,50.30370992,50.22807282,20.57886469,39.94460017,59.69849034,15.2131857,145.7842722,42.9322668,53.8888629,15.54360255,43.8359733,67.17406514,-82.60184035,54.34655044
166,29.35711209,79.88827808,8.548793965,49.19319664,49.77285897,19.70306827,41.43232687,60.25709176,14.23232523,128.0990846,34.44295249,48.99682631,16.22612714,37.27854986,58.28345666,-91.16112007,52.86252536
167,29.83983898,79.16898371,10.00805409,51.45200433,50.97852084,20.49808151,40.01216521,59.41379649,14.64362978,138.2907088,41.33249507,51.81102805,12.68194352,44.65951065,63.83724115,-94.04152985,49.90242876
168,29.51279262,78.62432781,9.445606323,49.68797789,48.02249225,18.86475635,37.64164322,58.64215068,13.66041646,124.014701,34.34271931,46.71859907,13.33873368,21.70772245,75.11418909,-86.74891169,51.17094313
169,29.35299696,79.6818604,9.124713598,49.95951342,50.3319906,19.28068103,40.12636847,60.57890227,14.42148664,136.8618638,37.6171133,49.56369984,15.29171529,39.15499552,52.8808928,-86.83030832,49.83663762
170,29.7830013,79.14484872,9.713202893,48.91248414,49.70945803,19.37406474,39.66790651,60.07448695,15.02951509,131.3715729,40.23339152,59.4234017,16.05468838,39.24848266,75.11823726,-90.92213472,48.39094395
171,28.75786346,78.76007053,8.684335541,49.11792283,49.20119679,19.6766815,40.05037324,58.89643159,14.36272577,125.0040015,33.27929413,60.71054098,19.12419701,37.45286999,46.77564828,-88.57457948,51.45326896
172,29.07149703,79.28429087,8.905226902,49.29108259,50.14382702,18.24435864,39.63506095,58.76207807,13.98966057,134.2930943,42.63026645,51.72580292,16.50750442,64.53048677,65.2527293,-86.14184636,50.58720248
173,29.11139007,79.38467748,9.192659263,47.47531953,47.96669092,18.98984459,38.52556929,58.80661202,13.33547537,128.8352205,37.54338493,46.97629652,13.88726115,26.29210623,65.2516379,-89.63804937,52.87747531
174,29.74762071,80.45583306,10.09073471,48.94107737,48.5279754,21.09226457,41.57577954,61.14943514,14.84287005,123.340352,35.81773164,44.30610979,12.16267329,46.00707675,56.70652844,-84.18775419,48.02316493
175,32.39124878,82.22154864,12.17638816,50.63667331,50.79859708,22.7579748,42.21411952,62.17029825,16.99290703,138.5584538,55.7594326,50.55048843,11.6629917,46.48567942,61.75951922,-84.64953722,49.56427321
176,30.69348903,80.02912284,9.261778655,48.73810111,48.7871326,20.40504641,39.03450653,58.93891555,14.63473074,137.5253816,36.45884506,55.32080842,15.61188578,28.08907351,82.92874519,-82.1562085,52.23933534
177,29.56703067,79.7276049,10.50335329,50.27786205,50.79868902,20.6799417,39.97355249,60.02204071,14.75585582,137.4588176,34.91654829,60.01431251,16.95146092,28.32771235,78.09249366,-87.14682591,47.14695207
178,30.21232593,79.19319219,9.823867059,49.70484326,50.06394252,20.01560664,39.28362826,60.05725847,14.76050194,134.9117791,37.59649318,45.32487175,19.34807107,41.04231391,72.05053722,-86.29871693,51.12544447
179,28.63971431,78.24934956,8.249767472,49.12265205,49.18190334,18.86138625,39.09237863,58.85079312,13.65860742,114.9550143,33.60933367,46.25067523,15.17283207,32.72581735,68.20700542,-86.94677931,48.43921248
180,28.39106358,78.82120203,9.626260381,50.24524461,50.50231109,19.55867653,39.85846737,59.32458191,13.53912072,124.2488735,42.46835289,52.5602152,14.50990456,36.57273207,45.63179513,-85.91128233,50.51284012
181,29.14896966,79.23873322,8.948140621,49.20606457,48.78242224,19.46349132,39.15533316,59.45567087,14.54467343,129.4386394,37.97359323,47.84832671,15.71978415,28.99492436,66.9840823,-93.26872853,51.41748609
182,31.26673512,81.71865118,11.54426884,51.37556331,51.6283583,19.73054718,40.53723699,60.65812768,15.68587549,136.9835185,41.30077042,53.63356527,14.54379427,45.22634499,74.02287387,-86.08858751,49.16629234
183,31.24397544,81.7992292,10.65152847,50.67064596,50.28594927,19.3159066,39.91346464,59.83080824,15.30446281,139.6501989,44.08349949,52.8150553,16.96589135,46.18250458,56.42086555,-89.7062806,46.64166021
184,29.05943509,79.43515732,8.882306867,48.57006346,48.09739914,18.65528978,38.86037906,59.11644825,13.55417249,128.0168383,37.9904235,42.6200955,16.83554975,34.86713486,61.64535696,-86.34825626,47.03943705
185,29.70423001,79.5126929,10.01490525,48.9454823,49.31483186,20.62929343,39.95616845,59.60403797,14.66552107,124.2156494,34.81587496,47.24332056,12.17943751,27.12357556,61.95636718,-86.05155177,50.40671845
186,30.76113756,80.51334392,10.37007458,50.55248061,50.36452878,21.3113203,40.75769235,61.03444228,15.86600855,158.9658736,44.2131443,50.33346464,15.36630508,52.43603688,85.05427589,-83.99274236,49.63550354
187,29.44101418,79.63143342,9.019105706,49.15427,50.2924028,19.41412347,40.51291031,60.02853019,15.36943282,127.514603,42.54414915,47.67224724,16.37118419,29.9419946,68.24338139,-87.43120088,52.34046991
188,30.1840924,81.35512021,10.52358938,50.54664233,51.75361883,20.34945731,42.36890735,61.14591049,16.24122834,139.2416954,37.37868909,53.93065884,13.46117028,57.01685129,61.376966,-90.58316898,49.3576799
189,30.13922007,80.54385017,10.72270311,51.12930408,51.97968369,20.2701,41.26953001,60.73215523,16.1167344,144.4062824,39.45129032,51.39261034,12.96864369,27.82382676,76.34326143,-90.68352574,52.40109764
190,29.13204509,78.64921542,8.96040438,49.02073834,49.24660285,19.23844061,39.87503415,60.28269402,14.5385304,120.5388849,39.54759141,45.06574691,15.28702797,31.0080485,47.67301366,-85.53995626,47.89430287
191,29.77512979,80.33549485,9.931710744,49.71199439,49.05147267,20.2554408,40.177304,60.56272832,15.3167718,124.9182465,40.24523194,47.6207364,16.36372032,50.00405307,65.7648349,-92.5712383,50.36811846
192,30.32776794,80.32866029,10.20941724,49.62394021,49.85183437,20.66500539,39.95083777,59.3335873,14.53582114,142.8231847,40.78928202,55.13577047,14.98386773,44.53172754,81.02788105,-86.70935811,52.48497506
193,31.08451589,81.66382846,12.03637813,53.68643067,52.17262666,21.23058586,40.53605164,61.4026606,15.83835015,152.9047623,44.20202345,57.9172693,13.5741528,26.77917595,80.01740303,-88.028542,51.83562503
194,29.80962112,81.04016418,11.00390228,51.1106723,50.22956418,21.37204957,41.44516512,62.69218144,16.44242625,140.1375072,36.08737605,58.04205116,15.86026023,48.5603274,77.70330561,-89.49562746,49.85026367
195,29.47321753,79.33913825,10.37981171,49.66479484,49.57553049,20.29545764,39.57457856,59.15615727,14.60300629,131.4641283,39.05044035,46.94597112,14.01591762,19.57611455,51.80798359,-89.80309513,49.38917885
196,30.48522175,80.86683161,10.01813723,50.56829674,50.37078747,21.38158729,41.56817771,60.91134588,15.62015045,146.8180655,45.14524992,51.56583177,15.58040045,25.46582588,81.06559842,-83.67294736,52.96464868
197,31.04777069,80.66755626,9.663690335,50.13016248,49.94805849,20.25119459,41.09054973,60.6425689,15.06699951,149.3011026,40.37470651,49.48835014,14.67006162,46.04609646,74.60684952,-84.06458971,47.87870182
198,29.96388143,80.82901454,9.416865346,50.28887708,49.98954871,20.13578376,40.12410532,60.25870195,15.672319,137.3371613,39.53975763,49.56452482,15.14600888,39.18180957,76.85465794,-86.54615554,51.41006232
199,30.12103207,79.66134219,9.834922895,50.94776738,51.07690109,20.23759667,41.3008709,61.50077954,15.77974637,144.9038812,40.55058517,45.5470248,13.35312232,50.15042742,72.71178116,-89.01854514,52.04732302
200,29.14456791,79.94999464,10.54516514,49.76144973,48.91272965,19.24032398,38.91664067,59.27154033,13.81508972,132.033445,38.2971442,54.06977695,15.13239211,39.86746477,78.02725748,-89.27994762,51.27104822
201,30.75916028,80.27658568,10.07578678,49.80991554,50.9355264,20.56445158,40.3876436,59.94113085,15.01669461,139.2170306,40.80162849,47.4652704,14.21022636,41.52956229,61.6026751,-83.68851043,50.90550573
202,27.88706623,78.96916688,8.705491111,48.51893328,49.0008626,17.03433333,39.22590144,58.93780534,12.97278223,123.1704709,40.29488305,50.67012571,14.78499004,42.69389925,66.15724738,-90.2876263,52.88571677
203,30.46570917,79.90894067,11.16212097,50.18829551,50.5371948,19.60935216,41.25407204,61.30354835,15.62396199,134.6976642,37.61663193,52.41841467,14.4053891,29.91443725,85.15101138,-86.6608043,52.60388248
204,30.08041217,80.63497153,10.27927442,50.39790016,50.08198003,19.72120129,39.11738072,59.73537537,15.61529941,137.83115,38.47094806,56.78421386,14.06313702,30.62615427,61.79193716,-82.07153353,47.36854796
205,30.00816446,79.82420637,10.86104905,49.14668061,48.98777272,19.0960622,39.11207056,60.05959992,15.51345788,133.7940452,41.87910716,48.54102396,15.0385263,51.90731503,80.33634501,-86.94620079,49.63037658
206,30.8281368,79.80750497,10.955356,50.35932605,50.27219236,21.1205589,39.86113553,59.55635416,15.06714992,143.4536228,38.82485613,53.49635329,13.75719643,38.63698821,71.19032249,-82.64938994,53.15360978
207,29.56220662,79.33491252,9.491729475,48.51882674,49.32209334,19.10275499,39.59432302,59.50376018,14.84075543,122.8642216,36.6088416,50.34735113,12.58091699,34.91488949,57.21673905,-82.98747936,46.15131918
208,31.50705889,81.23334977,11.34715959,50.92025532,51.13400735,20.45161932,40.98760009,61.92841069,16.62673859,136.5499321,34.48083908,50.982943,16.04870742,32.21522241,66.91960844,-86.1362683,48.84682399
209,29.98606815,81.35041878,11.48911366,50.97195991,51.5833529,20.2857726,41.59443695,61.20328266,15.75693501,133.9065695,38.75164739,56.06011185,11.66393498,56.42810099,61.71904161,-94.01428011,49.70027799
210,29.29779222,79.61272042,9.274020809,48.85929298,48.91720419,19.77323159,39.88253686,59.40782341,14.73773654,142.69967,44.58061689,53.09126672,17.19905747,22.87639277,65.70921582,-85.76472942,52.23390293
211,30.26302864,79.59393613,9.295500157,50.15307931,50.08017675,20.37805095,39.00193157,57.98114863,14.3572923,135.7564083,36.60411933,46.35641562,15.22722598,49.99054147,66.41322101,-91.97784094,52.72217311
212,30.34300257,79.36885756,10.01848995,49.70558563,50.63823571,20.68901201,40.12030248,59.35911183,14.56882982,136.7195408,42.19184856,50.3073194,14.89229825,42.46200371,65.9538537,-83.55966202,47.72806902
213,31.35369674,80.268189,10.31511206,50.45940712,50.23874306,19.77667236,39.08894789,59.93188485,15.20336079,147.1712583,42.33678364,50.91782337,14.53489178,16.98593222,65.12048386,-92.13105072,50.38380225
214,29.06320268,79.28308202,10.00562399,50.02932574,50.47207549,19.87921498,40.16658126,60.05870349,14.81523692,135.0430143,41.67060042,56.93332753,16.6796276,40.90880204,66.81411747,-81.84046442,52.84235757
215,30.6008098,79.9135317,8.993266313,49.93611074,49.56399044,19.19407805,39.39190841,59.31212608,14.04999741,133.8068338,35.65307112,46.35117708,15.42171637,29.64704402,71.75964926,-87.1500183,53.19928812
216,29.74668089,79.73973502,9.714845224,50.66622246,51.25258134,21.38812367,40.83383682,60.73753138,14.94651977,131.235371,40.92550676,46.57743676,18.90312111,39.9893533,81.36429274,-82.24529289,54.38117412
217,30.26223328,79.70482179,10.94049097,51.14837531,51.58803767,20.08819718,39.57692333,59.85316128,15.29504936,137.1082067,40.72445598,47.57445119,14.21007024,52.41291778,71.8258752,-83.88094979,50.80475805
218,30.89418006,80.19642063,10.58612275,50.76211141,51.18538719,20.82283478,41.62812163,60.46041996,15.73287723,141.848722,38.12061658,50.17444023,15.24577021,40.86415713,70.15142826,-93.12980008,49.61748907
219,29.08788238,78.75978483,9.212150496,47.68326316,47.80439628,20.73921549,39.77190732,58.73903341,13.22964997,121.8759333,38.9607894,59.06479728,16.43140014,26.28421185,67.62848231,-92.39174812,51.24858696
220,30.01088427,79.63969778,10.30954846,50.64409892,50.68842635,20.64311007,40.28037057,61.02481134,15.27572641,148.1494276,41.14565011,53.6560787,16.62728975,43.42927437,73.61370677,-85.06293885,50.19947496
221,30.80089705,80.69553256,10.67746487,50.92750223,51.00831321,20.54590505,40.5750438,61.27453324,16.12605921,138.4574022,42.40007404,53.9591377,14.19888883,24.44282786,78.53602272,-83.31159152,46.21943543
222,31.58954459,81.14576156,11.17279163,51.03130035,51.77269138,21.28036948,41.36373594,60.48440086,15.88840495,143.1777741,40.70438161,55.0579442,10.76817054,35.03903109,72.44662888,-83.69566568,53.26681777
223,28.32899428,79.24397184,8.992916113,48.83085368,48.32087099,18.05794474,38.41668848,58.86308441,13.99466545,120.5882547,33.57065782,45.88672229,15.97234673,27.22932373,69.231409,-82.41553296,50.32827781
224,31.29286553,80.96754122,11.50093274,51.95117583,51.39834473,19.92254462,40.89932541,61.77969452,16.11103541,138.0942057,41.32514387,53.498727,13.03207055,27.84358689,75.44885809,-90.07660076,52.76288213
225,31.03247961,79.97417305,9.61722953,47.90738584,47.89932021,21.29693394,40.40382594,60.07163423,14.77158597,135.010589,43.40358223,43.75615213,17.27551697,31.20557136,71.27930604,-90.98897901,48.3519651
226,31.49639927,81.44676447,10.88526311,51.77652648,51.59475057,21.22601098,41.79064516,61.34684549,16.45070504,141.5607666,42.2343222,47.39475797,13.55890899,41.68517404,80.9290064,-81.57789915,45.95041613
227,29.63889025,78.64327864,9.580849891,48.77037184,49.81413379,19.23575189,39.21549056,59.3601982,14.06354113,135.6802208,37.4050395,50.97119739,16.5364399,34.48621561,70.10466507,-84.69091588,50.88426082
228,30.18671024,80.4416782,9.708150548,49.88235344,50.1453309,20.17044258,40.61115291,60.37092909,15.24360311,142.1651938,41.02570875,50.77740781,15.43502518,45.5934225,70.19626988,-81.5497458,53.10806173
229,29.93736936,79.73773673,10.72076226,49.58961095,48.65154395,21.59216899,40.43909847,60.43933006,15.0897466,133.9098386,35.0877927,48.70013612,14.34091803,49.65645451,61.10855955,-82.94791847,45.97485294
230,31.04651924,80.24295997,10.31873015,49.73636185,50.6511815,20.80473642,40.47655511,60.212424,16.02772692,141.3636358,40.41789216,52.29215598,15.05680187,55.72620612,70.93711227,-86.35008735,51.71830331
231,29.8086882,80.5628358,10.46139196,49.49987577,49.9907104,20.00516423,39.76171981,59.34138108,14.58003554,131.1506535,38.68901546,48.11493371,16.03720323,38.93457866,70.97912038,-88.12832222,53.15612571
232,31.30179019,81.38247098,11.16465028,50.60184763,50.55937391,21.30876,41.33282787,62.05198684,17.63676006,151.4489034,44.01616871,45.46084101,15.44844755,37.22059508,80.04640239,-83.210403,46.45479497
233,29.86045889,80.57982241,10.04172652,50.77040034,50.33761117,19.95674811,40.48770532,58.79403022,14.65092331,127.2459034,40.52070031,43.67106544,15.85855999,21.6651029,56.64634037,-80.98640329,54.86462127
234,29.48916289,78.45055697,9.286948069,48.49829879,48.95917532,18.82097463,37.70021177,58.67579342,13.37762999,125.1378413,34.91489249,54.30928431,13.82438627,45.38200355,72.28921047,-91.40030059,49.58056016
235,29.61776375,81.03484576,9.718306845,50.98209458,51.79694151,19.26393928,40.59180725,59.30493474,14.89493773,130.5978446,35.97604795,45.4610319,14.89707844,40.86773198,64.99873901,-87.37873642,47.23247655
236,30.39243139,80.32480547,10.32265945,50.73281199,51.26256568,19.89248259,40.55670286,60.34371245,15.84926442,141.6407256,42.78889557,52.42058422,16.28284604,35.69447679,71.37657958,-83.54746488,46.26025167
237,30.65635103,79.56638895,9.986654489,49.85016659,50.00255202,19.44665222,39.08199739,59.77999269,15.74564814,139.974781,40.45856184,50.15508651,16.04844404,39.41376079,72.53367919,-85.34832925,47.28161273
238,30.99828796,81.02803095,11.90758862,51.19128768,50.23916599,21.34118735,41.33583588,61.06682284,15.78558012,140.0744487,41.78872173,52.21472732,13.14771531,58.57316385,87.5455633,-88.51784647,47.17617396
239,31.38079553,82.03678193,11.588728,50.62772886,50.00001046,20.55807262,41.66368891,62.44152197,17.46943229,141.7050972,39.98012524,52.26136305,14.74236877,38.77390934,80.88970157,-89.71335929,50.88090003
240,29.21159894,79.03074541,9.402124345,49.7241136,50.74438105,19.41187401,39.21453226,60.00560096,15.14189103,127.4087808,37.12581474,50.28746189,13.77591072,34.59846975,66.16271876,-85.81437441,52.06569273
241,30.55012231,81.09718702,11.71401062,50.06460543,49.85601539,21.1574691,40.94375197,60.99186395,16.70767509,145.0699353,43.15538124,48.81726641,14.82935349,41.31266401,74.66807999,-84.07552575,49.56388013
242,30.11169496,80.34323571,10.29990846,49.48686543,49.7991928,19.15449475,40.34521704,59.8610047,15.38000697,135.1536464,38.56799024,50.81469089,12.36432791,28.98800394,64.00964282,-81.87831452,49.56947442
243,30.12261213,80.06362429,10.63321491,49.8351424,49.6288749,20.67753253,40.61025322,59.9094161,15.30602581,143.8229336,37.14791487,52.97404619,13.62336236,43.73021834,83.0818634,-94.58414896,50.70484025
244,30.92109239,79.78288363,10.9037094,50.47658579,49.92696156,19.60115839,38.8225493,60.3617347,15.47756821,136.5161498,32.65276008,46.02221709,15.44822524,31.24251433,65.09153482,-87.62679677,53.0068299
245,29.74690113,80.11327254,9.725225674,50.51574507,50.98907219,19.69789866,40.09056219,59.80777236,14.99056906,132.8546271,43.25541756,52.77156962,14.90533727,37.9695289,70.872639,-89.41450905,53.50456771
246,31.11062548,81.09906633,11.42897679,51.16088543,49.39597373,21.44768786,40.73903486,61.17017845,15.99187307,136.4202096,40.2070066,46.57699853,13.76282157,36.24336949,59.72707624,-92.50851221,50.70568255
247,28.56710648,78.17358041,8.458948062,48.75527397,48.29451814,18.38349735,37.91526876,58.40994302,12.21747061,123.2264221,32.19830922,46.40961826,15.58875742,21.63261136,41.75558369,-82.2333312,46.61345514
248,29.8400041,79.56840761,9.523711908,49.17869914,49.02690852,19.30481906,39.06918388,59.30252701,14.6104576,136.1499124,34.85588347,45.26771199,16.3390575,32.07663629,65.45582057,-82.11208913,52.14634526
249,31.75815027,80.90271614,10.85149428,51.89403745,50.49546714,21.13990379,39.93079506,61.50040267,16.35810757,136.5658438,44.17850088,42.68017556,13.91971721,23.78528861,53.63193928,-90.82758806,53.2492396
250,29.60474665,79.00490055,9.778476377,49.65775036,50.14650722,20.18786809,40.16285606,60.06040172,14.75579147,122.3914791,37.60919137,50.02093645,14.72142686,48.81247516,71.13643591,-89.39995641,49.61909747
251,29.42389323,80.57732817,10.44793175,50.54873671,50.19618491,19.7307961,40.8133331,61.26598563,15.18125949,138.228192,45.6118122,52.89832823,15.6278193,26.56772057,58.95646346,-81.73867172,46.54457888
252,27.13842024,77.3067507,7.701159558,47.12234051,48.123111,17.74082848,38.70639307,58.14940118,12.23267047,126.5763439,37.68385033,51.10509877,18.68604444,14.47434126,68.08281086,-83.74070112,52.55203194
253,31.61543106,81.68616029,10.96562723,51.36497935,51.21327332,20.52860513,40.74809422,60.98269173,16.42840164,149.2182732,46.69039315,48.89870875,13.88021546,48.1797199,69.24526558,-83.74090756,46.17336
254,30.82745358,80.76833346,10.53985076,49.79151399,50.85960877,20.50183965,41.51603316,60.47813452,15.80234405,145.7884761,47.7660194,52.28356908,15.06288889,38.30863985,76.72254947,-83.21376477,48.54733163
255,28.39713607,78.71151133,8.693402983,49.03658325,48.69127758,18.61408225,38.63573703,58.32944454,12.91454568,116.3096385,32.72153853,42.66367417,16.55856871,35.21289653,69.01558659,-85.53363902,47.67592786
256,29.85717992,79.55527902,9.549143444,49.71162752,50.55585694,20.038759,39.50291148,59.68560534,14.19265286,139.891161,41.33740543,46.63718806,14.30437102,32.97645311,69.3006105,-81.60768378,52.98577923
257,29.02512304,80.13040143,9.099480074,50.26397068,50.21319075,20.27029371,40.05770276,59.78881302,14.92052635,125.8825336,39.96375642,44.35179696,17.57766872,36.6366356,50.90847349,-91.90529126,49.15433949
258,29.3965178,79.52719163,10.51321713,49.85993628,49.65793194,19.20643301,39.40946973,59.20670196,14.49308268,133.6651907,37.24116237,54.49880609,14.74035261,39.34386995,69.69757704,-90.0380105,50.20126916
259,30.88769918,80.72166076,10.61977259,49.94389096,49.64149155,20.41831738,39.74908094,59.98252557,15.32331628,134.5232324,34.98167838,49.78916762,14.96758119,39.2607859,54.89953071,-85.41303402,47.3023952
260,28.83483591,78.57641206,8.530245383,49.20527784,48.2192348,18.87425982,37.97057927,58.18655734,12.97500801,123.0460902,30.75264171,47.27583796,17.00701226,38.71400683,70.23929892,-88.55818555,53.10171151
261,31.17729132,80.06738791,10.5778986,51.58790897,50.92902409,20.16588641,39.70991558,59.49949648,15.2201801,142.5131033,39.49842921,51.21179805,15.72484487,51.34373931,55.33001517,-90.2694945,49.97937107
262,28.71612215,78.95563867,8.509662742,49.18096551,50.53515652,19.42025631,40.11619027,58.60799877,14.25363519,135.7017239,43.24882956,45.00183089,19.4365918,22.44773152,74.15238233,-86.81103051,48.55872426
263,29.68315855,79.68925159,10.24927439,51.51195162,51.67665303,20.21201489,41.02501751,61.18974487,16.36145133,135.1704288,39.48525731,49.51236359,15.48879984,53.66252647,70.4466638,-82.1630381,54.65099551
264,29.75933887,80.14401771,10.47678872,49.62499229,49.29404673,20.53374079,40.39107236,60.24444828,15.38174885,128.4892915,35.3400375,52.06124883,13.85716484,34.611247,73.63693718,-84.53978038,50.18674038
265,29.21489137,79.88053353,9.539905539,49.66650866,50.7903414,18.76984281,40.20901325,59.93886475,15.24099639,121.6098073,36.50424697,51.86789228,13.76461769,40.2521482,67.81960376,-80.39152851,44.96367045
266,29.7964228,79.05577734,8.902687864,50.61567605,49.44324743,20.9087861,40.82167015,60.99018099,15.05960404,133.2992476,34.62597614,49.4908942,16.78274592,40.59537605,75.37144301,-84.84825884,46.81140237
267,28.42153851,78.80201366,7.784210991,47.58041193,48.69895102,18.80172675,39.38759595,58.66618185,13.09816628,127.4038347,39.29532916,51.97757892,15.13918805,35.94386971,54.51093603,-91.56554446,49.64971181
268,28.68216814,77.81220413,9.216538485,48.04944041,47.58704421,18.99676334,38.22873205,58.84521385,12.95544355,128.3684737,38.25789844,48.64120465,16.77922274,23.02969463,66.65811656,-89.93646183,47.09790288
269,29.03009993,79.74801969,8.327140826,48.29771597,48.71327213,18.12094673,39.60499943,59.02320016,13.54084169,126.5915542,33.67481495,49.40587066,17.26588238,28.05541624,77.22602609,-92.23470415,52.04415259
270,31.37903357,81.14855243,11.21299291,51.71843143,50.94834793,21.37598579,41.18037151,60.89622303,16.21608443,139.0161872,47.03343937,47.09764923,13.67160906,42.15587975,63.05370759,-87.20219762,52.30635452
271,30.91618979,79.31761901,9.756701699,49.18020699,49.62346624,21.93081552,40.52743245,59.93630422,14.54879984,133.7399625,45.11135953,56.77118131,12.67157267,32.21338167,77.45954126,-84.90129017,47.59996517
272,29.42287486,79.99604665,9.415330267,49.86893012,48.93318455,19.31537966,39.26990924,59.05003597,14.81659935,117.5310039,34.40395121,52.03915948,15.51990357,36.91995271,66.05995126,-82.3041878,49.31132235
273,31.17227539,81.45190557,9.919410639,50.56032668,51.3640715,20.69075701,41.19024495,59.62807731,16.36881866,138.3290562,41.69979977,54.24867605,16.03621134,48.51410815,63.6016135,-90.22371284,53.77980691
274,29.12397734,78.62432257,9.114357913,48.10165028,49.47593979,19.93992757,39.75946364,59.09954656,13.71622749,128.1821237,37.34072496,45.02926101,15.9156094,44.84851568,78.44959212,-81.30527062,45.99892922
275,28.83794819,77.90544385,8.21408172,48.22380747,48.57520363,19.06256056,38.38734917,59.10614792,13.02025824,132.705988,40.38922505,52.10074252,18.09130165,44.97698218,64.5526204,-82.55311105,50.16900743
276,30.46830665,79.54596216,10.4432521,49.79410251,50.32204898,18.23619367,37.75659298,58.17911672,13.7001624,137.048142,37.58033375,43.70902516,14.91022835,51.02080171,68.91995833,-84.11093215,48.47824396
277,29.42612917,78.6492275,9.938199825,49.49631593,49.09891955,21.08611647,39.81423387,59.84253995,13.9223745,132.4141878,33.56284239,50.90438271,14.56399294,36.8644673,75.87724412,-89.08112113,48.1487091
278,27.84026232,78.08976572,8.374670649,47.16044035,48.25608248,18.65720943,38.34292566,58.02329852,13.6473117,120.6125766,36.68799218,49.85602916,16.04710103,33.55492281,73.95781631,-86.82391538,52.06009316
279,30.55502417,80.44952751,9.833683439,51.49305611,50.62609202,20.66407342,39.81558308,59.56779315,15.61551545,138.7020736,41.79612526,47.51662705,17.46858544,35.33110026,67.40758722,-83.27031194,52.65648672
280,29.61127282,78.97622998,10.14761627,50.48920342,50.11240507,19.55662927,38.82989617,59.29994007,15.13791778,139.4664615,34.7085464,52.85220533,15.35726991,38.78098315,58.654935,-93.06890888,52.15004643
281,29.75873738,79.37387145,10.09085186,50.82184641,51.49833382,21.07332049,40.5076437,60.61521297,15.49623014,126.770183,34.07969384,54.81560413,16.84371994,27.40814118,72.93400644,-90.28837167,48.05366629
282,30.09618758,78.91513436,9.147833578,48.31740317,49.02899408,19.54589921,38.94350435,57.82462954,13.33080963,135.1717595,41.33150265,52.92535552,17.22842666,12.91920954,73.53032698,-82.27208034,54.24517716
283,29.61638054,79.2527897,9.400140855,49.63102295,50.57113253,19.56194486,39.32241152,59.26838955,14.44241721,124.7632263,37.06955688,54.37288929,13.85315718,35.30255649,54.94517602,-88.85950036,47.39161549
284,29.13734417,78.88070614,9.307617747,49.48007897,48.421193,19.24548473,37.7209973,58.99599186,14.40874752,131.5205482,37.9836881,50.38521467,17.77769633,49.09048582,71.36523927,-92.70869803,52.65462269
285,29.11259441,79.03440517,9.04214596,49.65947255,49.5257615,19.07897742,38.53636564,58.49914872,14.21666787,124.2491427,28.39302928,50.63842043,14.90338994,41.02269145,54.58807986,-84.99876999,50.77348388
286,30.05296169,81.48870433,10.94560185,49.70220514,50.97951454,19.61999682,41.16312784,61.27606826,16.3022006,147.5830631,45.65134402,44.37853945,12.86592102,57.15372158,77.64109933,-85.50154017,49.63736879
287,28.84961937,80.6800472,9.741365632,48.52476423,48.55269056,18.44352928,39.47218176,59.02043596,14.31336313,123.6208126,37.93069564,53.79850725,14.60370044,51.55495215,67.79211275,-81.25998974,54.71100059
288,30.68872797,80.63430944,10.16412571,50.49233307,50.83562677,20.30038253,41.03448693,60.55342355,15.13736959,143.7277234,43.34795991,55.97439287,16.34387587,50.49834009,78.26061545,-93.45109102,51.05774478
289,31.28833346,80.26469896,10.17052125,50.04756863,49.89655375,21.28815579,40.52913554,60.98172672,15.63211772,141.0739943,45.29478628,49.68964314,15.42553375,41.1011651,59.59874162,-83.81612882,51.3246012
290,28.7555809,78.53217994,8.469725657,50.13868654,50.89821005,19.72442338,40.36967685,59.18669196,14.54884524,120.5434692,33.94802929,42.5183869,16.57740211,31.58151858,63.13661345,-86.47255434,46.70116278
291,28.11885811,78.40893677,9.180998601,49.89242671,51.04021349,19.92584207,40.77601887,60.16562596,13.74823623,123.033448,35.3890965,51.50296297,16.23492116,38.01101072,77.35089041,-83.77590264,49.03959731
292,30.86114492,80.82528028,11.46450767,51.2310777,51.5703895,20.90507533,40.42218901,61.1316351,16.28834312,137.4546306,40.78369462,45.04547957,15.43913306,35.38974993,67.54096305,-89.3450204,48.3829514
293,30.74633805,81.06087432,10.35660462,49.95271178,49.97061791,21.01169611,41.0585683,61.48615038,16.30979078,139.113319,39.66165263,44.32509534,13.52157871,36.72792445,57.8211693,-81.85608776,53.63297693
294,28.98230973,79.50600726,8.578001023,48.93676005,48.5559088,20.65791646,40.37868741,59.91049337,14.61741211,124.8586837,33.11700649,46.68782325,16.45768486,37.84638294,58.99870264,-89.97973751,49.52221783
295,29.12718875,79.09002639,10.38404311,51.3947547,51.77357003,19.86569409,40.56067593,60.50533973,14.98881172,133.5867957,39.76370811,46.32195318,16.91833391,30.28276138,71.89274157,-89.00908297,52.13308159
296,29.52240297,79.94592952,9.287950939,49.77781003,50.10406176,19.10873679,39.86043901,58.49186944,14.3881256,125.6426735,36.78958977,52.62042407,15.51552786,44.31807224,71.07233772,-94.09929018,49.18688722
297,30.44572541,80.21783318,10.97894237,50.67056483,51.09487869,20.72763796,41.67304633,60.87499271,15.96111956,139.0327721,37.81078757,46.07079839,15.17896536,42.95107849,62.0547393,-89.62956,52.09189613
298,31.2444199,81.15976358,9.971013961,49.70725072,49.31233612,21.2109544,40.5860363,60.65593258,15.40747616,138.1450367,40.52077269,45.64024822,15.01965724,44.70378197,82.6268977,-88.80355545,49.6400271
299,30.56232084,81.39783728,11.05409154,51.25131939,50.88482604,21.7034057,41.46653882,60.99938515,16.00382664,132.8410453,38.92078512,46.52558012,11.88318892,47.91280975,71.01003457,-93.4899117,51.95285906
300,31.40230651,80.14204624,11.32391827,50.04695455,50.32465005,21.15846962,40.13927829,60.47372437,15.6499817,135.067008,40.70450919,50.90432815,12.20873218,60.31074886,59.76160878,-88.86486634,52.76203108
301,31.14949734,80.92656382,10.16141997,50.26471357,50.82979398,20.07320761,40.83991189,59.93610117,15.95071721,140.0416593,43.24899932,50.44192125,13.1119211,40.21358953,67.91079958,-85.08356969,52.82300507
302,29.93389689,79.67510508,9.599257392,49.21744896,49.04471058,20.76916975,40.10243919,59.68664715,14.51715651,130.5890866,32.57754082,51.38921254,13.82129197,36.92099087,47.96972328,-80.51906676,55.54785085
303,27.8153657,77.34881492,8.370837212,48.44753114,49.41962927,18.10265992,37.61045114,57.85920761,13.59428585,131.7029598,33.71480819,47.60147672,16.210547,35.7815582,63.22936374,-89.62707095,53.29487231
304,29.491195,79.67512595,9.304819973,49.26285539,48.86714008,19.41615502,39.53493165,58.88248322,13.99416038,129.7052042,41.07781824,44.73126285,13.12985103,29.09376321,52.20018401,-88.89270713,48.30015198
305,31.65334334,81.3127695,12.37923715,51.88947582,51.11633018,22.19958823,41.85734381,62.53326375,17.022247,147.0570885,42.7950819,55.65652311,12.17480103,35.99335588,61.55551578,-84.4611919,52.80350021
306,29.94817821,79.92414314,10.16312667,50.19374688,50.27541534,19.88596283,39.08643166,59.4897591,14.31048943,129.5752467,40.80903022,45.34383202,15.68263552,45.40534866,57.2801067,-91.73875271,47.90420927
307,30.7621091,81.26049936,11.55899706,51.18057317,51.30407648,20.80969895,41.21397345,60.60420353,15.01727115,137.9155862,46.21038955,41.74352382,15.22888039,41.40386402,70.97003195,-83.11524591,50.57148646
308,31.0192259,79.44108919,8.728458694,49.47824933,49.76967603,20.54572457,39.91974388,60.85185181,15.55201149,147.1958776,41.3379447,47.62488823,17.29118741,19.95088414,59.74711022,-84.84574421,52.95249023
309,28.89234452,79.7956114,9.863229623,49.88458109,49.86030905,19.74259237,39.81863205,59.60631654,14.50875278,127.2353391,34.76583899,61.73452901,15.18974088,26.99495532,57.21761916,-83.77672563,50.18965372
310,30.32353297,78.77212684,9.704249792,48.70412641,48.62652188,19.86532057,38.88615022,59.23753209,14.76315236,127.0745825,32.88844876,50.61855304,15.22854174,30.22467474,57.34149015,-89.68728911,47.34562575
311,29.68834286,80.09385301,10.7830164,49.33789496,49.94793226,20.0077541,39.57716818,58.94823625,15.11195264,124.7353477,33.96524627,50.39449246,12.13120966,38.2012319,54.25757373,-93.28466686,51.76024655
312,30.10268799,80.29386365,10.4187765,49.07019857,49.25351409,18.83068031,40.06240857,59.63619519,14.0955925,126.4620969,35.46447854,45.99074648,12.82552696,55.11197722,78.22493966,-92.62505409,48.4925607
313,30.10309661,79.04990601,9.602335049,49.85259471,50.52104882,20.02331326,39.67471696,59.35569271,14.13219148,139.015827,41.77563279,50.57083824,14.48299755,24.80409802,64.21831233,-89.55599756,52.53386265
314,30.33477542,80.75931368,10.36093478,51.02338229,50.7534253,19.94085136,39.82921954,60.11929087,15.74101526,137.7490693,42.43966049,56.73274427,13.24338438,49.0213781,66.36334597,-84.03982987,49.64075655
315,28.68226207,78.40947089,9.665704244,50.00407506,50.14689785,19.18614918,39.08250486,58.54991738,14.09454441,122.5676423,33.94595618,49.98796806,13.82587735,51.78807066,63.42221591,-87.5775824,49.0780106
316,30.58302097,80.06088892,10.73754754,51.02670106,50.60859432,21.62842422,40.99052499,60.77874899,15.56587987,135.1307314,40.78168752,47.87552611,15.8539382,40.37545123,69.72505186,-92.21248369,48.27972347
317,26.66011991,78.33293821,7.557436707,47.57850609,49.48886125,17.04384154,39.00116784,58.77468144,13.18062891,125.9883646,34.39737026,48.32500927,15.71676575,61.85740569,73.44520268,-86.01736091,52.44276701
318,29.96651736,78.63798442,9.088700134,49.66194041,49.26852739,19.79514554,38.45925952,57.64787909,13.26555459,129.9155508,38.55781635,48.24286181,14.78086038,36.76404304,61.39660277,-93.94425939,51.39447847
319,31.08008617,81.79891954,10.69638222,51.81896379,50.8427354,20.61845292,40.81888545,60.85090664,15.73815204,152.8610097,44.31354961,49.46925662,13.47752288,39.1539194,75.02445026,-83.66272612,47.21383665
320,29.56206022,80.38383253,9.201880389,49.55034588,50.48064154,18.71589803,40.32219669,59.38003524,15.15466951,125.7239797,38.39168651,46.66003805,18.77933513,46.89418149,69.31192736,-92.98574567,51.65900879
321,31.03655595,80.40980902,9.127372096,49.34485611,49.77262616,20.69186463,40.34402802,59.31173186,14.96521879,138.2147999,37.6915492,37.40752224,16.78237143,49.25906422,70.98546971,-88.35225613,53.04106777
322,30.65373249,80.22081928,10.40606083,49.24970717,48.5100614,19.97623457,39.98600876,60.68797583,15.0922887,138.8020165,42.95228823,50.6096987,17.31675746,22.65577996,72.06202342,-81.94053662,51.85116377
323,29.2538405,80.52246297,11.03681386,51.47989704,51.4027605,19.7523331,40.22787435,59.74751134,15.34089683,128.564423,41.3363928,50.56953785,13.60196811,50.05058378,57.96140475,-90.70471008,49.65695857
324,30.44625127,80.12684662,10.73202287,50.71104811,50.89028834,21.14473492,40.21935508,60.59797595,15.78107043,144.1391836,44.48089295,48.22962822,13.8965242,31.27237745,74.45444827,-83.37757202,48.17638572
325,29.69541266,80.77079548,9.912411065,49.47016357,49.71200664,19.14721738,40.30215164,60.0282394,14.77877706,130.9278873,40.29909708,42.5542487,15.51015059,19.02651181,73.31725828,-85.68525163,52.98401953
326,31.08896214,80.58696399,11.60635193,51.56916324,51.2838699,22.00762496,40.24844489,61.14613515,16.74745652,149.844393,45.65325498,54.04308307,14.15115614,22.54076852,70.76411477,-82.50199221,47.04039922
327,28.46664504,79.78320353,8.67432634,50.10795201,50.07824189,17.86740689,39.14488617,59.25648233,13.91231082,122.8483518,37.92434656,51.44430128,16.01998089,49.25274248,64.7515979,-89.35410389,48.93012803
328,30.8307671,81.01686426,11.64361646,50.1225858,51.34541658,19.87875082,40.30873626,60.79201345,15.72792213,142.072183,40.72879578,49.97262815,15.46304645,27.8131115,55.24052272,-93.6484707,51.71981319
329,30.04311237,80.55644659,11.05711407,51.06106699,50.54889041,20.4007456,40.98580428,60.66448398,15.45276012,142.2481893,41.88887929,49.20844849,12.47575969,27.55788535,59.2842355,-83.62607038,49.76846264
330,30.12393436,80.40983613,9.747380509,49.63827553,49.11994352,20.51635538,40.15979593,60.88240232,15.54349297,140.3312157,38.3402271,51.28667943,14.35469327,47.15042909,63.31090385,-89.41443192,50.56297874
331,29.8518884,79.04833655,8.550867389,49.55201786,50.06636141,19.85114572,39.72138331,58.96965269,15.14553135,130.5372554,37.19351111,54.57951501,17.19120685,47.28845041,72.25523848,-90.2397744,47.20394201
332,29.71765978,79.81855731,9.624388357,50.43804978,51.09084382,19.93777486,41.85293195,61.49746299,15.82099591,125.7917408,36.137441,54.86885266,15.84322156,23.15352148,54.34108068,-90.15589661,50.93663957
333,30.77122317,80.4719606,9.520238932,49.93314065,49.25175415,20.63198632,39.93060304,61.07657313,15.66705323,141.1264214,42.33931028,50.6434796,15.21017286,20.14042639,70.24155795,-87.47810989,50.03562136
334,30.82599795,81.32251145,11.47730556,49.51405563,51.58534729,20.79332277,41.92443075,61.58185915,16.57248013,139.7777272,43.24434323,51.72214731,11.65534949,61.61904346,64.53832524,-93.03586307,49.49306977
335,30.87661628,80.85561848,10.11628035,50.68582364,51.35849737,20.5732108,40.31707781,59.64232821,14.98718638,131.037768,37.13046827,49.58709331,15.70256287,36.54572173,67.19297099,-89.2642542,51.28194319
336,29.98155567,80.76542689,10.81492563,51.52311984,51.06814051,21.06697915,41.03520276,60.56915672,15.89941236,131.3877224,39.3014225,53.52391185,12.04349644,44.32858929,62.80187504,-91.91476828,49.75982311
337,29.82769072,79.53202689,10.27381217,49.51503886,49.12716988,19.49111306,39.26987756,59.83508639,14.5788751,126.8534696,36.99884998,48.59307827,16.48846368,49.58829855,66.6845437,-91.52026688,51.63038262
338,28.61378965,79.85894113,10.47128707,49.30750758,50.65794258,19.38881704,39.9426844,59.83517402,14.98440569,129.986813,36.14527011,43.4658321,11.81516414,55.94270278,54.24687076,-85.70796122,49.12441118
339,31.64106873,80.88236528,10.48272449,50.73691839,50.54406901,21.74045994,40.36340621,59.83616015,15.64530286,142.90105,37.16649036,53.43495147,15.6517209,50.39493198,86.61688898,-90.50897565,52.05250057
340,31.51938866,81.46798809,11.30694066,50.24769591,50.37291274,21.19760712,41.73493086,61.45975307,16.43778703,139.7586025,39.68213964,45.27622445,11.88325078,49.68270573,84.07005761,-94.31757667,49.53023219
341,30.47108987,80.16061142,9.342257693,50.31754491,50.20420126,20.89716184,40.60495697,60.42643713,15.06406793,146.4856092,40.1110428,50.81655755,14.04867861,46.25160817,64.9284828,-82.25380029,45.72658277
342,28.9505154,80.21684657,9.569694199,48.58049682,48.94340337,18.10945906,39.5667375,59.81275184,14.43951511,131.8097762,41.542505,47.38674434,19.27875875,40.97242047,55.72502516,-89.06950811,49.6697234
343,31.46319655,81.83594455,11.35721484,52.09441027,50.39652772,20.99226702,41.14419334,62.29698195,17.4668744,145.9476269,40.06357802,46.01619895,13.17141106,46.95067424,61.0032719,-88.53276234,53.30193694
344,30.97780227,81.06209746,10.93679966,51.98428549,51.35583462,20.98336157,40.19667525,60.6616548,15.92942657,134.688961,35.32477725,49.26309017,15.16845075,27.15678518,60.12091372,-86.43429078,50.33546372
345,31.08481433,80.91209403,11.15343047,51.11606972,50.73456817,20.67634897,40.3948397,61.80911747,16.61085542,140.7663142,41.85627094,46.32686518,15.5072346,54.81215121,59.20851168,-93.16994174,49.50670619
346,29.61488405,79.73939742,9.739993242,49.93968437,49.56908123,19.16840937,39.15076285,59.51478507,14.27744158,134.0762405,36.36543441,45.12680552,14.76467219,39.87848875,49.89921836,-89.83976181,50.89135473
347,30.21159462,78.47240808,8.637496553,48.72263469,48.77478335,18.43505705,38.24906829,58.74264033,14.33173579,141.1050717,36.7535544,47.21039648,14.14706345,47.82390126,72.56725613,-83.57988351,47.77317609
348,28.63165655,78.32264773,9.561897801,50.2068169,51.53061713,19.73732899,40.13109279,60.88655079,14.68909082,136.2902789,43.39059215,46.05552108,15.06234714,46.56654922,71.23606591,-85.68189331,50.49516093
349,31.4857336,81.72889745,11.072373,51.43021126,51.32472137,20.99696697,40.95872203,61.53685032,16.47868191,151.0102637,35.9354715,44.04787203,12.65904767,33.40049659,61.19972174,-93.40961852,49.21832972
350,29.10523243,78.59002396,10.35953736,50.62127099,49.79144156,19.48571797,38.35131843,59.66666585,14.58532407,129.5095522,35.92986969,51.57701717,15.96225329,25.21625214,79.30620711,-90.61403305,50.39191272
351,29.63469814,79.45595085,10.14050609,49.62428353,50.91596442,20.59341754,40.89150674,59.38852978,15.40596792,132.2681739,37.38120882,61.68766214,15.36451995,54.5936866,60.61303508,-88.38482893,53.58617555
352,29.87475127,79.71638239,9.165768183,49.92351425,48.80930311,19.28949258,39.210701,59.5847952,14.47323724,120.0362062,37.56205258,46.234782,17.84683532,34.31000078,69.608562,-93.35262145,49.41437067
353,29.3922816,79.19794155,8.161049982,49.4310712,49.41680915,19.76953836,39.93117105,59.37992677,14.24298281,120.2600803,36.40618903,45.98078667,18.66826133,33.90060014,65.56328435,-83.78461006,51.7671639
354,30.4564425,79.70156774,8.983323026,48.93688788,49.34387729,20.24249193,39.5488433,59.64850353,13.91288728,144.1537389,43.6301357,50.68201463,14.28609254,36.41519022,75.09001611,-92.52180246,50.42906121
355,29.7926314,79.85699853,8.471905649,49.10765814,48.55971026,19.20634336,39.38852461,59.60134609,14.62845277,129.6663333,32.88045024,49.60068892,16.47970643,49.13995846,81.43693599,-83.67168244,51.8922591
356,28.99290267,78.34764274,8.030548958,49.05027788,49.1600347,19.54674791,39.45187166,59.26551059,13.84383197,123.6987742,35.15521404,52.26871472,17.34755386,40.45070266,61.05261564,-82.69357775,47.47844533
357,28.53867914,77.73071816,8.552107554,48.98264078,48.50285684,18.56430594,38.41629572,58.64460523,12.61309955,124.7290837,37.96331059,47.16415713,16.23177704,35.87049104,66.81804398,-83.79019193,47.54331594
358,27.69753445,77.8392311,7.190555822,49.28406807,48.12924947,19.04191555,38.9597731,59.70072741,14.3556303,129.9177492,37.371561,47.65873917,16.92582145,46.60968001,69.29248394,-84.30222926,47.09238826
359,31.25368841,80.99094097,9.918280798,50.04814354,49.75959876,20.70067422,40.51243044,60.76288276,15.4227385,143.6070901,45.23107944,46.17704041,13.9762289,49.11726006,58.60513111,-83.17082306,47.53150873
360,30.37414183,81.18707201,10.81610964,50.91214611,50.48961106,19.70119971,40.00406514,60.26626824,16.46857558,149.4391616,43.63875885,51.00403593,13.76956671,32.63425483,82.07056292,-81.78231228,53.30644902
361,31.42531415,81.14158435,10.59989664,51.54149589,51.26339816,20.77577613,40.67883282,60.246631,15.18547865,143.2062114,42.64991051,57.90435107,16.08189316,31.05052358,71.73070167,-85.20007734,50.63950379
362,29.95728118,80.43597747,10.78885262,50.14481452,50.22811311,20.86191658,40.10786416,60.4373388,15.32456425,136.1919225,35.57118357,40.55146869,13.4058657,29.62310508,66.73507579,-89.25175787,49.27170235
363,29.85503637,80.49639804,10.3411253,50.03534838,50.13140243,20.02873739,39.69227286,60.35475629,15.94434871,129.5212615,41.97458329,48.35998935,16.45755784,49.40208638,65.38709651,-84.10846202,48.76523467
364,29.73446056,81.18517538,11.02405568,50.8126928,52.09125794,19.50886471,41.01897082,59.64254717,15.18042878,139.1098666,34.23968161,53.71241828,15.3564556,23.73106482,68.81784862,-92.02249024,52.68514692
365,31.328389,81.05997076,12.08887066,51.08088024,50.77664072,21.56832395,41.90093758,61.69621452,16.21755981,148.9687345,46.93941439,54.79024598,11.39736231,38.09057397,68.87620177,-89.3586928,53.13583568
366,29.67429668,78.97660526,10.61330809,48.75620293,48.54701967,19.04579675,38.47284367,58.90249409,13.41952854,130.1101838,39.65854846,53.08477231,12.6347522,61.53093067,76.1717647,-90.94987653,53.28009946
367,28.26411468,79.08488105,10.12846683,49.87816647,50.34372267,20.31583163,39.96328131,59.42348418,14.26597603,133.4669874,35.01500978,43.5167513,15.01768561,36.52548388,67.00743208,-83.89260351,50.79560918
368,27.77221247,76.99628444,7.771873849,48.19441268,48.02637495,18.15802675,37.64160417,57.62931126,11.51106412,125.0807554,0,49.7893699,16.82296278,16.2131917,64.83034589,-87.13037897,50.19804926
369,30.30165646,79.82774182,10.14495224,49.14849181,49.80750311,19.62505821,39.08585871,60.02085564,15.52365081,137.7563375,41.73347724,45.93023164,13.5964671,31.02455208,80.03315401,-82.86359253,50.53025942
370,28.45766185,78.29339291,8.167436198,48.83091801,50.03830785,18.12229807,39.21030692,58.3794218,13.45613027,136.9995291,41.24963662,47.8724507,15.32739824,46.48948961,74.36289208,-91.15025957,51.38533957
371,30.10394415,80.97998535,10.39766833,50.04967606,50.21556247,20.54786661,40.95505335,60.33192306,15.8692405,135.1661344,38.13076653,50.08148228,15.92922647,34.09315557,82.23414494,-88.98155842,46.69676722
372,28.57000011,79.1539327,9.257336589,49.10476637,49.18636781,17.86562061,38.05794325,57.83044225,13.09447087,125.5769995,43.76055552,46.62394836,14.41069306,36.28788453,66.79001101,-88.14843319,48.24586588
373,30.14677289,79.98260827,9.563365582,50.21253271,49.74359102,20.89269405,40.07553229,59.84371635,15.03999912,131.7006092,35.61639539,49.52317731,14.56743675,42.12783749,71.52348143,-90.07137772,47.90021557
374,29.02841031,79.03696234,9.131403482,49.89366743,48.724052,19.39627414,39.22276857,59.59745796,13.9371868,124.5409935,35.64611021,48.23318049,13.82335173,42.47487513,52.66879883,-91.40664317,49.64707112
375,29.17164596,78.70966663,8.115200431,48.837515,49.35054091,20.65277922,39.42937333,58.6673295,13.49748184,135.1250719,39.04928046,41.31971943,18.49613931,44.20970634,80.71505684,-92.82696592,51.55169647
376,29.22985957,79.3353494,9.093046283,49.11522775,49.438933,19.2434349,40.20256725,59.78045463,14.41979603,129.9672904,39.38249081,52.08979528,16.10267229,49.02141894,50.55830135,-82.21978378,47.17408281
377,29.75585241,79.69556971,9.185254389,49.40813117,50.82617694,18.76806242,39.06434965,58.88012022,14.52183293,130.0857858,37.85701482,47.29273965,15.63135157,48.75760176,61.19812658,-88.74779155,48.61155287
378,30.67104574,79.69202134,9.840575556,49.20134878,48.00854735,21.10872762,40.45882073,61.14200877,15.10242656,141.692689,40.67825571,43.19084573,17.12842824,36.96164854,73.39248522,-91.75721099,51.91748028
379,29.85737964,80.25191699,10.10002944,49.64886191,49.63153896,20.01464305,40.18679238,58.84527388,13.67606108,129.5531595,37.64912523,44.93837788,17.48183653,42.71461737,69.34694441,-90.73774158,47.77842769
380,29.20660412,79.32794156,9.061698859,49.40839129,50.96331989,19.3105939,39.82619098,59.40606844,14.32306866,127.7075767,33.06130073,49.08287412,17.86700391,41.75442417,68.09277857,-87.81012856,46.6064002
381,31.13043305,81.51287437,11.06938939,50.49510578,49.99643826,21.39538754,41.25762334,61.14047645,16.72894453,142.6390798,39.02770402,55.80649054,11.59313479,51.5683103,63.25822739,-87.66577322,51.18121579
382,29.18880273,79.09822924,9.61792537,49.44333915,49.63078428,20.51305423,40.18494997,60.46572743,14.68463485,130.2284529,40.40819454,42.88317662,12.7366511,44.17817036,60.09296168,-88.1368382,46.45793326
383,30.30135038,80.84968302,9.570662352,48.83267801,48.74657565,19.44548222,40.23401364,59.77976923,15.09848108,140.80303,41.49170172,53.2226527,16.52350672,31.2216611,92.04709716,-90.65477405,49.911052
384,30.47821712,81.00848859,10.52014663,51.19366812,51.41706409,19.39118877,38.78962395,59.36696967,15.14968994,143.472033,37.28558541,46.74477751,16.58794897,46.87457787,73.23055419,-94.83599343,49.95028815
385,29.3714044,78.82966281,6.821371468,47.21027374,47.38016157,18.65348527,38.532426,57.6396322,12.65061785,120.9738582,38.37606541,54.6245441,18.36708788,26.0594911,66.99595354,-83.11736081,46.78407876
386,30.19451565,80.22347092,10.31985073,50.18944778,49.46354671,18.98640717,39.90014364,59.84508228,14.62025127,140.1938328,37.01253855,44.40048293,17.92433493,27.72372292,59.54903945,-92.20708515,49.13091825
387,29.46175883,78.91393813,9.37761597,49.18921904,49.13850796,18.29564504,38.70425708,58.80867236,13.30126014,130.7138886,40.6626466,54.08615471,17.12107183,39.80780802,69.07007195,-87.32069106,50.58087043
388,29.55645448,80.44127987,11.34708254,51.30318181,51.97083822,19.60435113,39.27043987,59.57101439,14.01475442,138.6203702,39.02738614,57.65855726,13.64853083,32.87842527,71.27281434,-81.47713353,45.62353909
389,28.72336321,79.63849511,9.346054421,48.37928121,49.82247453,18.76284114,39.62533328,59.86142098,14.87181073,126.9770221,35.08612445,48.46136039,14.86665917,37.93863698,60.37716359,-85.75218524,48.9760083
390,30.43305276,81.26106249,11.27392158,52.28296864,52.45662754,20.26983702,40.22883784,60.84928444,16.59544284,156.0322437,43.33679365,53.15827053,13.37920737,38.60833148,71.96651978,-86.55273235,48.22116509
391,29.5067421,79.30637602,9.511098378,50.41468079,50.39853934,19.79898411,39.94744999,59.63007303,15.02484491,133.9657451,40.65748576,55.56870726,15.04336321,30.12750829,63.35171753,-89.76916413,51.76264998
392,30.38964775,79.98726728,10.28244292,49.25866143,49.30232974,21.17359216,41.13843139,60.69775673,15.05551692,134.8726472,35.43925119,48.82230103,16.44934689,44.57424288,59.17253184,-91.62263021,47.4669717
393,29.46651208,80.06690058,8.80105957,48.70655943,48.05305368,19.96354556,39.92485429,60.1248192,15.11128303,139.2560008,39.38746556,50.73001246,15.60909913,33.03445127,64.20812427,-83.88852934,51.41121663
394,30.85820354,80.59339008,11.13324204,49.51959039,50.05266136,21.90749369,40.53032391,60.00846215,16.43519452,143.0874155,40.61044475,49.71667358,12.48958323,33.40623713,71.21446892,-91.85887459,47.51700949
395,29.41274594,79.96508426,10.00256803,49.93522437,49.61476414,20.11250836,40.72361782,59.91970043,14.66072814,125.4512137,35.23165913,50.28464086,13.74549583,46.79896271,53.32905094,-86.79635346,52.28143526
396,30.41137089,79.6807648,10.80860162,50.54086408,50.52955316,20.58748632,40.39515557,59.7930082,14.75204178,141.099317,43.60803548,54.03264875,16.65521429,56.10886865,67.79309199,-86.44950354,46.89257303
397,27.85053918,77.56021589,7.115774778,48.76010048,48.52704298,18.35527542,37.65013599,58.11062461,12.85196752,122.9406603,30.97715652,47.22961158,16.86658256,35.53806102,63.79512005,-90.56750676,48.8117517
398,31.03017127,81.59360118,11.55732109,51.44477361,51.62024364,20.42788376,40.97633946,61.85463367,17.05076851,143.419034,41.33841976,55.25864492,13.48943514,39.2700714,79.87786676,-83.91590747,46.3285612
399,27.96511035,77.21852143,7.918480028,48.83138904,48.742783,18.10187331,37.738195,57.65146599,13.38583963,131.9896322,35.6308549,49.88347565,17.61765743,37.68465583,66.56052741,-84.16026349,51.48165488
400,30.23129909,79.82204824,9.419636774,51.03444655,50.26860605,20.69641239,40.57995624,60.97120045,15.49885796,141.2987169,41.66012168,45.08623354,15.1017207,47.38350012,76.15111176,-83.48299802,46.19884628
401,30.54014615,80.86839525,10.6334374,50.98362581,50.57576809,19.57968573,39.22445263,59.91004861,15.95936208,137.0934655,48.21196211,44.43246586,13.34064732,50.33685358,66.42459066,-90.45851849,50.34001456
402,30.78300418,80.49631532,10.94534849,51.47266424,51.74385535,20.67889656,40.75893135,60.46258607,16.59753042,146.9758456,43.78318148,53.30648701,14.60627554,16.56388312,83.03804801,-91.27425464,48.88690311
403,29.53501045,79.75557671,9.297294453,49.28443851,49.58236025,20.50688435,39.90233626,60.29532498,14.75838287,132.2606293,35.75410793,47.81612494,14.43236942,49.02313045,78.94427892,-91.38441786,53.43710527
404,29.15218538,79.29111193,9.21934121,49.53216268,48.64004456,19.94414329,39.31895735,60.02882224,14.75312263,128.8625557,34.62513748,51.80582969,16.98263387,58.3603952,57.8070906,-88.14357233,48.91835875
405,29.54018639,79.42360412,9.414499423,49.52331965,50.74086651,19.54076991,39.72711038,59.70618418,14.91044842,130.765794,42.6133222,43.63986469,16.38184291,19.22661596,73.43911362,-87.0931128,47.8474396
406,30.23034106,79.51756748,9.798680265,49.68156385,49.83696912,20.38355434,39.6730313,58.74620319,14.53226693,137.9417879,43.54080519,57.56808662,18.22751329,39.393419,73.28533563,-87.82201019,46.94525379
407,31.52872226,81.18738225,11.64303238,51.08288567,50.32212034,22.42982046,42.14068339,62.3233768,17.16030062,145.9525441,38.2903055,46.29948832,13.85114755,39.84887464,82.57628078,-90.25604121,52.83559029
408,29.88835093,80.94302683,11.04141556,49.75003043,51.10994709,20.42920021,42.36195966,61.44329309,15.9249425,131.968432,40.4967315,46.8975242,14.85176928,15.40777577,82.34421257,-87.60568828,49.50776867
409,28.97527365,78.94759003,9.491780007,49.45910856,48.42602104,18.82768687,38.35086552,60.00552633,13.99499228,130.1067136,37.71263406,52.28063453,16.22045914,61.65581086,65.63143187,-91.92437207,52.32490832
410,29.01328075,78.93597932,9.477354617,49.77544983,50.07690907,18.5271167,37.5816975,58.39747554,14.09311954,131.7497545,36.92334948,48.52308625,15.88583879,33.95550196,62.3071387,-83.13222818,48.57433882
411,29.02265533,79.80292796,10.10058489,50.34164405,49.63217582,19.82990534,40.86106883,60.48349694,15.05952685,137.8605259,36.71193431,49.22333244,15.73735006,44.33450084,53.31153663,-81.56207495,48.64500256
412,31.03870024,80.86457093,10.70871847,50.89223403,51.68007523,20.92605578,40.82139885,59.57688516,15.23285512,143.3022467,43.93257587,52.02177597,14.00050062,35.35266696,71.25681717,-89.19270813,48.57670632
413,29.87688323,79.41565013,9.970958293,49.59304764,49.14284943,20.00529346,38.98298433,59.39784165,14.1783954,125.5982617,37.44906187,45.50047471,14.18931202,45.50675567,66.00179856,-92.95372515,51.48424431
414,30.03672659,81.39153075,10.19718793,50.4098513,50.19259168,20.11353127,40.76305313,60.37627667,14.6850755,136.4841058,41.9487745,52.5822691,14.75101462,30.8148952,72.20957125,-86.89857818,53.70879929
415,29.02177778,80.73433476,11.08939977,50.50218194,49.62226173,20.22837051,40.97937456,61.09864004,15.22728336,124.1658558,34.07894352,43.45661813,13.51001434,39.80484984,65.95907485,-89.86854925,48.72655201
416,29.89969269,80.68362703,11.51464488,52.54651053,51.58280482,21.3238083,40.78411931,60.63171237,15.84081017,135.3672366,35.5101039,55.88494112,12.38433676,36.50261114,62.40218334,-86.89227751,49.94881837
417,30.70548352,80.22839879,10.05413989,49.42440802,48.91521952,19.76920596,39.63647859,60.07819804,14.54640259,138.3996466,37.24207088,55.76821721,16.16369788,29.52676603,58.75113384,-90.2712439,47.61388007
418,29.50561818,79.68076836,8.271330315,47.87495334,48.29486195,17.71352375,38.34763203,57.2996394,13.35831229,133.7483112,40.97958939,52.90549077,18.357677,30.06497976,65.79873772,-80.35501192,55.16019644
419,29.01952412,79.90271486,8.678037257,48.97866031,49.63684674,20.46077418,40.22076777,59.27483113,14.19878725,126.1294807,40.27777577,56.2165964,14.72546879,30.87551394,44.47615886,-91.95451306,50.87977761
420,28.06705296,78.17024669,8.18339557,49.37079597,49.82227113,19.67318553,40.12606179,60.0340755,14.45900831,132.5426738,42.6888133,56.5333499,14.61654089,28.48980611,77.12697566,-82.5696337,51.6616317
421,29.88133514,79.72628857,9.285535965,48.19812187,48.24293445,18.84066589,39.82225843,59.93988599,14.54944524,127.2814359,42.48242213,51.51845033,15.14089162,33.28992787,63.93238621,-90.70350752,47.39566829
422,26.97982577,77.71983921,8.819771396,47.81554467,47.65798019,18.18098477,38.3097374,59.05619067,12.88688635,124.8050746,36.80131516,49.31226508,16.95743162,45.62260527,62.54610613,-80.75015651,45.76776332
423,30.48743476,80.1731141,10.40814787,50.17458338,51.60278969,20.36407521,40.7024606,60.62443625,14.67475603,146.4528233,36.82371236,53.6718587,13.92512829,42.22117203,74.5960602,-85.16800217,48.60000093
424,29.63328788,80.50809569,10.65665373,51.35406533,50.96407191,20.62324399,39.74151111,59.94117549,15.49848876,135.406803,37.4720672,46.41686302,14.99809531,18.39725661,68.81817321,-87.74314228,49.40653686
425,28.2900619,78.01281598,8.586129634,48.72929242,49.06051648,19.27346174,39.09149735,58.14150861,13.12579115,127.8894977,34.690556,43.89032627,18.24164328,28.37773133,74.62724726,-92.03802652,52.58472698
426,29.69716984,79.18112063,9.982519635,50.79806379,50.99513325,20.91531537,39.8344919,59.86302343,14.96377292,128.7372735,40.58325936,51.04549838,14.95709898,30.62411467,65.45754763,-84.78873589,49.54293984
427,29.68069097,79.78831956,10.30031436,48.95491485,48.73912981,20.13793828,39.94793249,61.02398727,15.57021807,137.4248504,38.91315435,47.49670608,13.89206174,42.89339059,70.01674252,-88.6834193,50.63935644
428,29.65422549,78.50243999,9.766442334,49.49316228,49.86727552,19.14804351,39.79646283,59.8230058,14.36628427,133.9544631,36.47234716,52.46311305,16.47072763,45.84608767,55.59443209,-88.27405897,52.29712702
429,28.75260996,78.65867368,9.496407343,48.81285388,48.98351918,20.33734313,39.85170047,59.53590259,14.03013675,134.5451169,38.51542499,49.7125657,18.54873718,18.51449691,75.25237451,-87.85976651,49.65698478
430,29.34051653,79.66954875,10.69371508,49.8849918,50.40222832,20.28213431,39.58824289,59.16430867,14.54349325,129.0841413,36.44743743,45.61735062,15.28123375,52.05515049,76.56769637,-88.55148031,51.83206361
431,29.76534414,80.34776772,9.228131382,48.9426238,49.64179715,18.75215355,38.88908945,58.52246179,13.22344053,122.431838,35.23074021,39.10015383,15.98438087,42.774217,71.19516418,-81.55977023,54.89299335
432,31.50772269,81.5225023,11.29199627,51.46790874,51.20863519,20.71069116,40.81735142,61.31660128,16.04503255,141.5078394,38.0224059,53.89015438,13.68433004,46.94174346,69.6394478,-85.71239259,53.1237672
433,29.51230601,80.86582719,10.23734666,51.07492425,50.31766548,19.94458405,40.19166844,59.67358164,15.44179716,129.4897887,38.0091517,56.51322812,12.89214875,27.3797313,63.26144371,-87.31090963,53.71836887
434,28.31095841,78.83793294,9.321247288,49.54436422,49.91745117,17.82800773,39.01279949,59.43256484,14.09792513,128.6515883,37.79457168,46.36960107,16.01953369,34.97160728,68.73791191,-88.44332495,51.0252754
435,28.92006494,79.20105049,9.966816239,50.41473708,49.75158245,20.06486642,39.39213254,59.67691454,14.72732297,129.5248197,35.49556299,53.58669196,15.47478611,23.8406102,69.86459384,-83.08991828,49.55739269
436,29.3940864,79.53700315,10.14980183,49.47402814,49.27259405,19.4131561,39.31077702,59.85269201,15.12173518,124.8650316,34.13352042,41.97408677,13.26169321,28.85835259,62.15277339,-81.45235762,55.08492046
437,28.12993528,79.1118124,10.53494056,49.58018789,49.9954103,19.25091218,39.36796876,58.46512167,13.69052391,133.9498602,44.14885294,46.56317944,13.16754318,40.22300073,71.32648725,-87.1287906,48.7064499
438,30.3633786,81.58501236,11.30241466,51.13016579,50.7764239,20.59443414,40.73988837,60.55465663,16.17020153,136.5710459,42.22423826,53.37140468,14.7080489,42.59540872,66.44259334,-90.74168456,47.48206209
439,29.12718611,79.3925695,9.330767667,48.00739216,48.71492701,19.97936991,39.7821438,59.40255452,13.96044186,127.4340991,35.52747155,52.8791819,13.1261172,50.81715236,58.9031178,-84.1418248,47.44858061
440,31.71086307,81.72141817,10.97877892,50.53343758,50.29571017,21.1772102,40.80925558,61.37095142,16.83957755,144.6130977,38.80039082,54.80770264,11.44156742,27.51016947,69.29450393,-83.94539997,52.6927185
441,31.4545389,81.47568861,11.50862563,50.71767211,51.1091735,20.7688415,41.32068484,61.22432362,16.12335047,148.794444,39.29798815,51.54730647,14.04146168,46.06673216,71.81213559,-91.36232934,52.7092503
442,29.05938225,78.94954755,9.559767899,49.33916542,50.12894398,19.62399883,40.3594292,59.5777023,14.86586598,130.2511182,36.84476541,38.80854785,14.42068227,34.84039601,59.25678175,-83.503758,51.41404276
